

INSERT INTO `ip_cms_content_element` (`id`, `row_number`, `parent`, `button_title`, `visible`, `html`, `page_title`, `keywords`, `description`, `url`, `dynamic_modules`, `last_modified`, `modify_track1`, `modify_track2`, `modify_track3`, `modify_frequency`, `rss`, `created_on`, `cached_html`, `cached_text`, `type`, `redirect_url`) VALUES
(1, 0, NULL, NULL, 1, NULL, NULL, NULL, NULL, NULL, NULL, NULL, NULL, NULL, NULL, NULL, 0, '2009-07-19 10:24:20', NULL, NULL, 'default', NULL),
(2, 0, NULL, NULL, 1, NULL, NULL, NULL, NULL, NULL, NULL, NULL, NULL, NULL, NULL, NULL, 0, '2009-07-19 10:24:20', NULL, NULL, 'default', NULL),
(3, 0, NULL, NULL, 1, NULL, NULL, NULL, NULL, NULL, NULL, NULL, NULL, NULL, NULL, NULL, 0, '2009-07-19 10:24:32', NULL, NULL, 'default', NULL),
(4, 0, NULL, NULL, 1, NULL, NULL, NULL, NULL, NULL, NULL, NULL, NULL, NULL, NULL, NULL, 0, '2009-07-19 10:24:32', NULL, NULL, 'default', NULL),
(57, 0, NULL, NULL, 1, NULL, NULL, NULL, NULL, NULL, NULL, NULL, NULL, NULL, NULL, NULL, 0, '2009-07-27 16:39:08', NULL, NULL, 'default', NULL),
(58, 0, NULL, NULL, 1, NULL, NULL, NULL, NULL, NULL, NULL, NULL, NULL, NULL, NULL, NULL, 0, '2009-07-27 16:39:08', NULL, NULL, 'default', NULL),
(66, 0, 3, 'Text', 1, '<div class="ipWidget ipWidgetTitle"><h1 class="ipWidgetTitleHeading">Lorem ipsum dolor sit amet</h1></div><div class="ipWidget ipWidgetText"><p>Lorem ipsum dolor sit amet, consectetur adipiscing elit. Proin rutrum pede vel quam. Proin auctor suscipit nulla. Suspendisse ac quam. Sed eu mauris. Sed pharetra posuere tortor. Ut tincidunt accumsan sapien. Curabitur eu felis at mi mollis luctus. In magna metus, ullamcorper nec, mattis vitae, ornare et, nunc. Quisque quis elit. Nulla eget quam.</p><p>&nbsp;</p><p><span class="note">Proin sit amet erat sit amet metus molestie posuere. Cras porttitor faucibus lectus. Aliquam nisi ante, venenatis porta, tristique quis, semper ac, elit. Praesent fringilla </span></p></div><div class="ipWidget ipWidgetTitle"><h2 class="ipWidgetTitleHeading">Integer tincidunt, orci vitae molestie </h2></div><div class="ipWidget ipWidgetText"><p>Praesent tempor eros sit amet turpis tristique blandit. Etiam egestas pede. Fusce a leo. Nam semper, eros eu consequat viverra, elit quam bibendum magna, ac convallis arcu leo accumsan velit. In dui lectus, auctor at, hendrerit vel, elementum a, dui. Morbi et eros. Maecenas interdum pede ac odio. Cras non odio. Suspendisse tortor. Mauris euismod vestibulum tellus. Praesent ullamcorper viverra sem. Vivamus felis sem, venenatis eu, ultricies nec, ultrices sit amet, tellus. Nullam in odio sed mi commodo posuere. Vivamus vel felis vitae tortor consequat aliquet.</p></div>', 'Example of text page', '', '', 'text', 'a:0:{}', '2010-01-13 21:38:56', '2009-08-10 00:48:05', '2009-08-09 00:00:00', NULL, NULL, 0, '2009-08-09 00:00:00', '<div class="ipWidget ipWidgetTitle"><h1 class="ipWidgetTitleHeading">Lorem ipsum dolor sit amet</h1></div><div class="ipWidget ipWidgetText"><p>Lorem ipsum dolor sit amet, consectetur adipiscing elit. Proin rutrum pede vel quam. Proin auctor suscipit nulla. Suspendisse ac quam. Sed eu mauris. Sed pharetra posuere tortor. Ut tincidunt accumsan sapien. Curabitur eu felis at mi mollis luctus. In magna metus, ullamcorper nec, mattis vitae, ornare et, nunc. Quisque quis elit. Nulla eget quam.</p><p>&nbsp;</p><p><span class="note">Proin sit amet erat sit amet metus molestie posuere. Cras porttitor faucibus lectus. Aliquam nisi ante, venenatis porta, tristique quis, semper ac, elit. Praesent fringilla </span></p></div><div class="ipWidget ipWidgetTitle"><h2 class="ipWidgetTitleHeading">Integer tincidunt, orci vitae molestie </h2></div><div class="ipWidget ipWidgetText"><p>Praesent tempor eros sit amet turpis tristique blandit. Etiam egestas pede. Fusce a leo. Nam semper, eros eu consequat viverra, elit quam bibendum magna, ac convallis arcu leo accumsan velit. In dui lectus, auctor at, hendrerit vel, elementum a, dui. Morbi et eros. Maecenas interdum pede ac odio. Cras non odio. Suspendisse tortor. Mauris euismod vestibulum tellus. Praesent ullamcorper viverra sem. Vivamus felis sem, venenatis eu, ultricies nec, ultrices sit amet, tellus. Nullam in odio sed mi commodo posuere. Vivamus vel felis vitae tortor consequat aliquet.</p></div>', '\n\nLOREM IPSUM DOLOR SIT AMET\n\n	Lorem ipsum dolor sit amet, consectetur adipiscing elit. Proin\nrutrum pede vel quam. Proin auctor suscipit nulla. Suspendisse ac\nquam. Sed eu mauris. Sed pharetra posuere tortor. Ut tincidunt\naccumsan sapien. Curabitur eu felis at mi mollis luctus. In magna\nmetus, ullamcorper nec, mattis vitae, ornare et, nunc. Quisque quis\nelit. Nulla eget quam.\n\n	Proin sit amet erat sit amet metus molestie posuere. Cras porttitor\nfaucibus lectus. Aliquam nisi ante, venenatis porta, tristique quis,\nsemper ac, elit. Praesent fringilla \n\nINTEGER TINCIDUNT, ORCI VITAE MOLESTIE \n\n	Praesent tempor eros sit amet turpis tristique blandit. Etiam\negestas pede. Fusce a leo. Nam semper, eros eu consequat viverra, elit\nquam bibendum magna, ac convallis arcu leo accumsan velit. In dui\nlectus, auctor at, hendrerit vel, elementum a, dui. Morbi et eros.\nMaecenas interdum pede ac odio. Cras non odio. Suspendisse tortor.\nMauris euismod vestibulum tellus. Praesent ullamcorper viverra sem.\nVivamus felis sem, venenatis eu, ultricies nec, ultrices sit amet,\ntellus. Nullam in odio sed mi commodo posuere. Vivamus vel felis vitae\ntortor consequat aliquet.', 'default', ''),
(67, 1, 3, 'Photos', 1, '<div class="ipWidget ipWidgetTitle"><h1 class="ipWidgetTitleHeading">Many ways to publish photos</h1></div><div class="ipWidget ipWidgetTitle"><h2 class="ipWidgetTitleHeading">Photo with text</h2></div> \n          <div class="ipWidget ipWidgetTextPhoto">\n            <a class="ipWidgetTextPhotoImageLeft" href="[[[[base_url]]]]image/cms_file_31_1.jpg" rel="lightbox[ipWidget]" title=""><img width="200" height="133" src="[[[[base_url]]]]image/cms_file_31.jpg" alt="" /></a>\n            <div class="ipWidgetTextPhotoText"><p>Lorem ipsum dolor sit amet, consectetur adipiscing elit. Integer sodales sem ac augue. Morbi bibendum leo quis metus. Nulla at leo. Nunc mattis elit sit amet nibh. Suspendisse eu turpis quis dolor varius ultrices. Lorem ipsum dolor sit amet, consectetur adipiscing elit. Duis eget augue a turpis ullamcorper fringilla. Etiam imperdiet tellus lobortis ipsum. Nunc tristique, tellus eget commodo elementum, eros justo venenatis nisi, ut elementum tellus ipsum in odio. Nam eleifend dictum libero. Etiam magna tortor, ornare vitae, aliquam in, dapibus ut, justo. Lorem ipsum dolor sit amet, consectetur adipiscing elit. Integer sodales sem ac augue. Morbi bibendum leo quis metus. Nulla at leo. Nunc mattis elit sit amet nibh. Suspendisse eu turpis quis dolor varius ultrices. Lorem ipsum dolor sit amet, consectetur adipiscing elit. Duis eget augue a turpis ullamcorper fringilla. Etiam imperdiet tellus lobortis ipsum. Nunc tristique, tellus eget commodo elementum, eros justo venenatis nisi, ut elementum tellus ipsum in odio. Nam eleifend dictum libero. Etiam magna tortor, ornare vitae, aliquam in, dapibus ut, justo.</p></div> \n            <div class="clear"><!-- --></div>\n          </div>\n        \n        <div class="ipWidget ipWidgetTitle"><h2 class="ipWidgetTitleHeading">Photo gallery</h2></div>\n        <div class="ipWidget ipWidgetPhotoGallery"><div class="ipWidgetPhotoGalleryWrapper">\n<a class="ipWidgetPhotoGalleryImage" href="[[[[base_url]]]]image/cms_file_29_1.jpg" rel="lightbox[ipWidget]" title=""><img alt="" src="[[[[base_url]]]]image/cms_file_29.jpg"/></a>\n<a class="ipWidgetPhotoGalleryImage" href="[[[[base_url]]]]image/cms_file_1_1.jpg" rel="lightbox[ipWidget]" title=""><img alt="" src="[[[[base_url]]]]image/cms_file_1.jpg"/></a>\n<a class="ipWidgetPhotoGalleryImage" href="[[[[base_url]]]]image/cms_file_27_1.jpg" rel="lightbox[ipWidget]" title=""><img alt="" src="[[[[base_url]]]]image/cms_file_27.jpg"/></a>\n<a class="ipWidgetPhotoGalleryImage" href="[[[[base_url]]]]image/cms_file_3_1.jpg" rel="lightbox[ipWidget]" title=""><img alt="" src="[[[[base_url]]]]image/cms_file_3.jpg"/></a>\n</div><div class="clear"><!-- --></div></div>\n<div class="ipWidget ipWidgetTitle"><h2 class="ipWidgetTitleHeading">Single photo</h2></div><div class="ipWidget ipWidgetPhoto"><img width="665" height="443" class="ipWidgetPhotoImage" alt="" src="[[[[base_url]]]]image/cms_file_28.jpg" /></div>', 'Photos publication example', '', '', 'photos', 'a:0:{}', '2010-01-13 21:38:57', '2009-08-10 13:34:27', '2009-08-09 00:00:00', NULL, NULL, 0, '2009-08-09 00:00:00', '<div class="ipWidget ipWidgetTitle"><h1 class="ipWidgetTitleHeading">Many ways to publish photos</h1></div><div class="ipWidget ipWidgetTitle"><h2 class="ipWidgetTitleHeading">Photo with text</h2></div> \n          <div class="ipWidget ipWidgetTextPhoto">\n            <a class="ipWidgetTextPhotoImageLeft" href="[[[[base_url]]]]image/cms_file_31_1.jpg" rel="lightbox[ipWidget]" title=""><img width="200" height="133" src="[[[[base_url]]]]image/cms_file_31.jpg" alt="" /></a>\n            <div class="ipWidgetTextPhotoText"><p>Lorem ipsum dolor sit amet, consectetur adipiscing elit. Integer sodales sem ac augue. Morbi bibendum leo quis metus. Nulla at leo. Nunc mattis elit sit amet nibh. Suspendisse eu turpis quis dolor varius ultrices. Lorem ipsum dolor sit amet, consectetur adipiscing elit. Duis eget augue a turpis ullamcorper fringilla. Etiam imperdiet tellus lobortis ipsum. Nunc tristique, tellus eget commodo elementum, eros justo venenatis nisi, ut elementum tellus ipsum in odio. Nam eleifend dictum libero. Etiam magna tortor, ornare vitae, aliquam in, dapibus ut, justo. Lorem ipsum dolor sit amet, consectetur adipiscing elit. Integer sodales sem ac augue. Morbi bibendum leo quis metus. Nulla at leo. Nunc mattis elit sit amet nibh. Suspendisse eu turpis quis dolor varius ultrices. Lorem ipsum dolor sit amet, consectetur adipiscing elit. Duis eget augue a turpis ullamcorper fringilla. Etiam imperdiet tellus lobortis ipsum. Nunc tristique, tellus eget commodo elementum, eros justo venenatis nisi, ut elementum tellus ipsum in odio. Nam eleifend dictum libero. Etiam magna tortor, ornare vitae, aliquam in, dapibus ut, justo.</p></div> \n            <div class="clear"><!-- --></div>\n          </div>\n        \n        <div class="ipWidget ipWidgetTitle"><h2 class="ipWidgetTitleHeading">Photo gallery</h2></div>\n        <div class="ipWidget ipWidgetPhotoGallery"><div class="ipWidgetPhotoGalleryWrapper">\n<a class="ipWidgetPhotoGalleryImage" href="[[[[base_url]]]]image/cms_file_29_1.jpg" rel="lightbox[ipWidget]" title=""><img alt="" src="[[[[base_url]]]]image/cms_file_29.jpg"/></a>\n<a class="ipWidgetPhotoGalleryImage" href="[[[[base_url]]]]image/cms_file_1_1.jpg" rel="lightbox[ipWidget]" title=""><img alt="" src="[[[[base_url]]]]image/cms_file_1.jpg"/></a>\n<a class="ipWidgetPhotoGalleryImage" href="[[[[base_url]]]]image/cms_file_27_1.jpg" rel="lightbox[ipWidget]" title=""><img alt="" src="[[[[base_url]]]]image/cms_file_27.jpg"/></a>\n<a class="ipWidgetPhotoGalleryImage" href="[[[[base_url]]]]image/cms_file_3_1.jpg" rel="lightbox[ipWidget]" title=""><img alt="" src="[[[[base_url]]]]image/cms_file_3.jpg"/></a>\n</div><div class="clear"><!-- --></div></div>\n<div class="ipWidget ipWidgetTitle"><h2 class="ipWidgetTitleHeading">Single photo</h2></div><div class="ipWidget ipWidgetPhoto"><img width="665" height="443" class="ipWidgetPhotoImage" alt="" src="[[[[base_url]]]]image/cms_file_28.jpg" /></div>', '\n\nMANY WAYS TO PUBLISH PHOTOS\n\nPHOTO WITH TEXT\n\n   [1] \n\n	Lorem ipsum dolor sit amet, consectetur adipiscing elit. Integer\nsodales sem ac augue. Morbi bibendum leo quis metus. Nulla at leo.\nNunc mattis elit sit amet nibh. Suspendisse eu turpis quis dolor\nvarius ultrices. Lorem ipsum dolor sit amet, consectetur adipiscing\nelit. Duis eget augue a turpis ullamcorper fringilla. Etiam imperdiet\ntellus lobortis ipsum. Nunc tristique, tellus eget commodo elementum,\neros justo venenatis nisi, ut elementum tellus ipsum in odio. Nam\neleifend dictum libero. Etiam magna tortor, ornare vitae, aliquam in,\ndapibus ut, justo. Lorem ipsum dolor sit amet, consectetur adipiscing\nelit. Integer sodales sem ac augue. Morbi bibendum leo quis metus.\nNulla at leo. Nunc mattis elit sit amet nibh. Suspendisse eu turpis\nquis dolor varius ultrices. Lorem ipsum dolor sit amet, consectetur\nadipiscing elit. Duis eget augue a turpis ullamcorper fringilla. Etiam\nimperdiet tellus lobortis ipsum. Nunc tristique, tellus eget commodo\nelementum, eros justo venenatis nisi, ut elementum tellus ipsum in\nodio. Nam eleifend dictum libero. Etiam magna tortor, ornare vitae,\naliquam in, dapibus ut, justo.   \n\nPHOTO GALLERY\n\n   [2]  [3]  [4]  [5]  \n\nSINGLE PHOTO\n\n\n\nLinks:\n------\n[1] [[[[base_url]]]]image/cms_file_31_1.jpg\n[2] [[[[base_url]]]]image/cms_file_29_1.jpg\n[3] [[[[base_url]]]]image/cms_file_1_1.jpg\n[4] [[[[base_url]]]]image/cms_file_27_1.jpg\n[5] [[[[base_url]]]]image/cms_file_3_1.jpg\n', 'default', ''),
(68, 2, 3, 'Video', 1, '<div class="ipWidget ipWidgetTitle"><h1 class="ipWidgetTitleHeading">Video</h1></div><script src="[[[[base_url]]]]ip_libs/js/AC_RunActiveContent.js" type="text/javascript"></script>\n          <div class="ipWidget ipWidgetVideo">\n           <script type="text/javascript">\n            if (AC_FL_RunContent == 0) {\n              alert("This page requires AC_RunActiveContent.js.");\n            } else {\n              AC_FL_RunContent(\n                ''codebase'', ''http://download.macromedia.com/pub/shockwave/cabs/flash/swflash.cab#version=9,0,0,0'',\n                ''width'', ''448'',\n                ''height'', ''336'',\n                ''src'', ''[[[[base_url]]]]ip_libs/flash/video_player/player'',\n                ''quality'', ''high'',\n                ''pluginspage'', ''http://www.macromedia.com/go/getflashplayer'',\n                ''play'', ''true'',\n                ''loop'', ''true'',\n                ''scale'', ''noscale'',\n                ''wmode'', ''window'',\n                ''devicefont'', ''false'',\n                ''id'', ''player'',\n                ''bgcolor'', ''#ffffff'',\n                ''name'', ''[[[[base_url]]]]ip_libs/flash/video_player/player'',\n                ''content'', ''true'',\n                ''allowFullScreen'', ''true'',\n                ''allowScriptAccess'',''sameDomain'',\n                ''movie'', ''[[[[base_url]]]]ip_libs/flash/video_player/player'',\n                ''salign'', ''tl'',\n                ''flashvars'', ''video_width_emb=448&video_height_emb=336&file=[[[[base_url]]]]video/sample.flv&player_skin=[[[[base_url]]]]ip_libs/flash/video_player/SkinOverPlayStopSeekFullVol.swf&bg=0xD4D6D7''\n                );\n             }\n             //]]>\n            </script>\n           <div class="clear"></div>\n          </div>      \n            ', 'Video example', '', '', 'video', 'a:0:{}', '2010-01-13 21:38:57', '2009-08-10 14:01:21', '2009-08-10 14:01:21', '2009-08-09 00:00:00', 1508174, 0, '2009-08-09 00:00:00', '<div class="ipWidget ipWidgetTitle"><h1 class="ipWidgetTitleHeading">Video</h1></div><script src="[[[[base_url]]]]ip_libs/js/AC_RunActiveContent.js" type="text/javascript"></script>\n          <div class="ipWidget ipWidgetVideo">\n           <script type="text/javascript">\n            if (AC_FL_RunContent == 0) {\n              alert("This page requires AC_RunActiveContent.js.");\n            } else {\n              AC_FL_RunContent(\n                ''codebase'', ''http://download.macromedia.com/pub/shockwave/cabs/flash/swflash.cab#version=9,0,0,0'',\n                ''width'', ''448'',\n                ''height'', ''336'',\n                ''src'', ''[[[[base_url]]]]ip_libs/flash/video_player/player'',\n                ''quality'', ''high'',\n                ''pluginspage'', ''http://www.macromedia.com/go/getflashplayer'',\n                ''play'', ''true'',\n                ''loop'', ''true'',\n                ''scale'', ''noscale'',\n                ''wmode'', ''window'',\n                ''devicefont'', ''false'',\n                ''id'', ''player'',\n                ''bgcolor'', ''#ffffff'',\n                ''name'', ''[[[[base_url]]]]ip_libs/flash/video_player/player'',\n                ''content'', ''true'',\n                ''allowFullScreen'', ''true'',\n                ''allowScriptAccess'',''sameDomain'',\n                ''movie'', ''[[[[base_url]]]]ip_libs/flash/video_player/player'',\n                ''salign'', ''tl'',\n                ''flashvars'', ''video_width_emb=448&video_height_emb=336&file=[[[[base_url]]]]video/sample.flv&player_skin=[[[[base_url]]]]ip_libs/flash/video_player/SkinOverPlayStopSeekFullVol.swf&bg=0xD4D6D7''\n                );\n             }\n             //]]>\n            </script>\n           <div class="clear"></div>\n          </div>      \n            ', '\n\nVIDEO\n\n   ', 'default', ''),
(69, 3, 3, 'All In One', 1, '<div class="ipWidget ipWidgetTitle"><h1 class="ipWidgetTitleHeading">Text, photos and video in one page</h1></div> \n          <div class="ipWidget ipWidgetTextPhoto">\n            <a class="ipWidgetTextPhotoImageLeft" href="[[[[base_url]]]]image/cms_file_21_1.jpg" rel="lightbox[ipWidget]" title=""><img width="200" height="133" src="[[[[base_url]]]]image/cms_file_21.jpg" alt="" /></a>\n            <div class="ipWidgetTextPhotoText"><p>Lorem ipsum dolor sit amet, consectetur adipiscing elit. Proin rutrum pede vel quam. Proin auctor suscipit nulla. Suspendisse ac quam. Sed eu mauris. Sed pharetra posuere tortor. Ut tincidunt accumsan sapien. Curabitur eu felis at mi mollis luctus. In magna metus, ullamcorper nec, mattis vitae, ornare et, nunc. Quisque quis elit. Nulla eget quam. Aliquam vehicula sollicitudin enim. Donec viverra lacus vitae urna. Donec viverra. Etiam nec sem. Pellentesque eleifend sapien non tortor.</p></div> \n            <div class="clear"><!-- --></div>\n          </div>\n        \n        <div class="ipWidget ipWidgetSeparatorLine"></div><div class="ipWidget ipWidgetTitle"><h2 class="ipWidgetTitleHeading">Lorem ipsum</h2></div><div class="ipWidget ipWidgetText"><p>Lorem ipsum dolor sit amet, consectetur adipiscing elit. Proin rutrum pede vel quam. Proin auctor suscipit nulla. Suspendisse ac quam. Sed eu mauris. Sed pharetra posuere tortor. Ut tincidunt accumsan sapien. Curabitur eu felis at mi mollis luctus. In magna metus, ullamcorper nec, mattis vitae, ornare et, nunc. Quisque quis elit. Nulla eget quam. Aliquam vehicula sollicitudin enim. Donec viverra lacus vitae urna. Donec viverra. Etiam nec sem. Pellentesque eleifend sapien non tortor.</p></div><div class="ipWidget ipWidgetSeparatorLine"></div>\n        <div class="ipWidget ipWidgetPhotoGallery"><div class="ipWidgetPhotoGalleryWrapper">\n<a class="ipWidgetPhotoGalleryImage" href="[[[[base_url]]]]image/cms_file_17_1.jpg" rel="lightbox[ipWidget]" title=""><img alt="" src="[[[[base_url]]]]image/cms_file_17.jpg"/></a>\n<a class="ipWidgetPhotoGalleryImage" href="[[[[base_url]]]]image/cms_file_4_1.jpg" rel="lightbox[ipWidget]" title=""><img alt="" src="[[[[base_url]]]]image/cms_file_4.jpg"/></a>\n<a class="ipWidgetPhotoGalleryImage" href="[[[[base_url]]]]image/cms_file_18_1.jpg" rel="lightbox[ipWidget]" title=""><img alt="" src="[[[[base_url]]]]image/cms_file_18.jpg"/></a>\n<a class="ipWidgetPhotoGalleryImage" href="[[[[base_url]]]]image/cms_file_13_1.jpg" rel="lightbox[ipWidget]" title=""><img alt="" src="[[[[base_url]]]]image/cms_file_13.jpg"/></a>\n<a class="ipWidgetPhotoGalleryImage" href="[[[[base_url]]]]image/cms_file_15_1.jpg" rel="lightbox[ipWidget]" title=""><img alt="" src="[[[[base_url]]]]image/cms_file_15.jpg"/></a>\n<a class="ipWidgetPhotoGalleryImage" href="[[[[base_url]]]]image/cms_file_12_1.jpg" rel="lightbox[ipWidget]" title=""><img alt="" src="[[[[base_url]]]]image/cms_file_12.jpg"/></a>\n<a class="ipWidgetPhotoGalleryImage" href="[[[[base_url]]]]image/cms_file_10_1.jpg" rel="lightbox[ipWidget]" title=""><img alt="" src="[[[[base_url]]]]image/cms_file_10.jpg"/></a>\n<a class="ipWidgetPhotoGalleryImage" href="[[[[base_url]]]]image/cms_file_19_1.jpg" rel="lightbox[ipWidget]" title=""><img alt="" src="[[[[base_url]]]]image/cms_file_19.jpg"/></a>\n</div><div class="clear"><!-- --></div></div>\n', 'Complex page example', '', '', 'all-in-one', 'a:0:{}', '2010-01-13 21:38:57', '2009-08-10 14:12:21', '2009-08-09 00:00:00', NULL, NULL, 0, '2009-08-09 00:00:00', '<div class="ipWidget ipWidgetTitle"><h1 class="ipWidgetTitleHeading">Text, photos and video in one page</h1></div> \n          <div class="ipWidget ipWidgetTextPhoto">\n            <a class="ipWidgetTextPhotoImageLeft" href="[[[[base_url]]]]image/cms_file_21_1.jpg" rel="lightbox[ipWidget]" title=""><img width="200" height="133" src="[[[[base_url]]]]image/cms_file_21.jpg" alt="" /></a>\n            <div class="ipWidgetTextPhotoText"><p>Lorem ipsum dolor sit amet, consectetur adipiscing elit. Proin rutrum pede vel quam. Proin auctor suscipit nulla. Suspendisse ac quam. Sed eu mauris. Sed pharetra posuere tortor. Ut tincidunt accumsan sapien. Curabitur eu felis at mi mollis luctus. In magna metus, ullamcorper nec, mattis vitae, ornare et, nunc. Quisque quis elit. Nulla eget quam. Aliquam vehicula sollicitudin enim. Donec viverra lacus vitae urna. Donec viverra. Etiam nec sem. Pellentesque eleifend sapien non tortor.</p></div> \n            <div class="clear"><!-- --></div>\n          </div>\n        \n        <div class="ipWidget ipWidgetSeparatorLine"></div><div class="ipWidget ipWidgetTitle"><h2 class="ipWidgetTitleHeading">Lorem ipsum</h2></div><div class="ipWidget ipWidgetText"><p>Lorem ipsum dolor sit amet, consectetur adipiscing elit. Proin rutrum pede vel quam. Proin auctor suscipit nulla. Suspendisse ac quam. Sed eu mauris. Sed pharetra posuere tortor. Ut tincidunt accumsan sapien. Curabitur eu felis at mi mollis luctus. In magna metus, ullamcorper nec, mattis vitae, ornare et, nunc. Quisque quis elit. Nulla eget quam. Aliquam vehicula sollicitudin enim. Donec viverra lacus vitae urna. Donec viverra. Etiam nec sem. Pellentesque eleifend sapien non tortor.</p></div><div class="ipWidget ipWidgetSeparatorLine"></div>\n        <div class="ipWidget ipWidgetPhotoGallery"><div class="ipWidgetPhotoGalleryWrapper">\n<a class="ipWidgetPhotoGalleryImage" href="[[[[base_url]]]]image/cms_file_17_1.jpg" rel="lightbox[ipWidget]" title=""><img alt="" src="[[[[base_url]]]]image/cms_file_17.jpg"/></a>\n<a class="ipWidgetPhotoGalleryImage" href="[[[[base_url]]]]image/cms_file_4_1.jpg" rel="lightbox[ipWidget]" title=""><img alt="" src="[[[[base_url]]]]image/cms_file_4.jpg"/></a>\n<a class="ipWidgetPhotoGalleryImage" href="[[[[base_url]]]]image/cms_file_18_1.jpg" rel="lightbox[ipWidget]" title=""><img alt="" src="[[[[base_url]]]]image/cms_file_18.jpg"/></a>\n<a class="ipWidgetPhotoGalleryImage" href="[[[[base_url]]]]image/cms_file_13_1.jpg" rel="lightbox[ipWidget]" title=""><img alt="" src="[[[[base_url]]]]image/cms_file_13.jpg"/></a>\n<a class="ipWidgetPhotoGalleryImage" href="[[[[base_url]]]]image/cms_file_15_1.jpg" rel="lightbox[ipWidget]" title=""><img alt="" src="[[[[base_url]]]]image/cms_file_15.jpg"/></a>\n<a class="ipWidgetPhotoGalleryImage" href="[[[[base_url]]]]image/cms_file_12_1.jpg" rel="lightbox[ipWidget]" title=""><img alt="" src="[[[[base_url]]]]image/cms_file_12.jpg"/></a>\n<a class="ipWidgetPhotoGalleryImage" href="[[[[base_url]]]]image/cms_file_10_1.jpg" rel="lightbox[ipWidget]" title=""><img alt="" src="[[[[base_url]]]]image/cms_file_10.jpg"/></a>\n<a class="ipWidgetPhotoGalleryImage" href="[[[[base_url]]]]image/cms_file_19_1.jpg" rel="lightbox[ipWidget]" title=""><img alt="" src="[[[[base_url]]]]image/cms_file_19.jpg"/></a>\n</div><div class="clear"><!-- --></div></div>\n', '\n\nTEXT, PHOTOS AND VIDEO IN ONE PAGE\n\n   [1] \n\n	Lorem ipsum dolor sit amet, consectetur adipiscing elit. Proin\nrutrum pede vel quam. Proin auctor suscipit nulla. Suspendisse ac\nquam. Sed eu mauris. Sed pharetra posuere tortor. Ut tincidunt\naccumsan sapien. Curabitur eu felis at mi mollis luctus. In magna\nmetus, ullamcorper nec, mattis vitae, ornare et, nunc. Quisque quis\nelit. Nulla eget quam. Aliquam vehicula sollicitudin enim. Donec\nviverra lacus vitae urna. Donec viverra. Etiam nec sem. Pellentesque\neleifend sapien non tortor.   \n\nLOREM IPSUM\n\n	Lorem ipsum dolor sit amet, consectetur adipiscing elit. Proin\nrutrum pede vel quam. Proin auctor suscipit nulla. Suspendisse ac\nquam. Sed eu mauris. Sed pharetra posuere tortor. Ut tincidunt\naccumsan sapien. Curabitur eu felis at mi mollis luctus. In magna\nmetus, ullamcorper nec, mattis vitae, ornare et, nunc. Quisque quis\nelit. Nulla eget quam. Aliquam vehicula sollicitudin enim. Donec\nviverra lacus vitae urna. Donec viverra. Etiam nec sem. Pellentesque\neleifend sapien non tortor.   [2]  [3]  [4]  [5]  [6]  [7]  [8]  [9] \n\nLinks:\n------\n[1] [[[[base_url]]]]image/cms_file_21_1.jpg\n[2] [[[[base_url]]]]image/cms_file_17_1.jpg\n[3] [[[[base_url]]]]image/cms_file_4_1.jpg\n[4] [[[[base_url]]]]image/cms_file_18_1.jpg\n[5] [[[[base_url]]]]image/cms_file_13_1.jpg\n[6] [[[[base_url]]]]image/cms_file_15_1.jpg\n[7] [[[[base_url]]]]image/cms_file_12_1.jpg\n[8] [[[[base_url]]]]image/cms_file_10_1.jpg\n[9] [[[[base_url]]]]image/cms_file_19_1.jpg\n', 'default', ''),
(70, 4, 3, 'Contacts / Registration', 1, '<div class="ipWidget ipWidgetTitle"><h1 class="ipWidgetTitleHeading">Example contacts / registration page</h1></div><div class="ipWidget ipWidgetText"><p>Your contacts</p></div><div class="ipWidget ipWidgetTitle"><h2 class="ipWidgetTitleHeading">Write Us</h2></div><dynamic_module/>', 'Contact form example', '', '', 'contacts-registration', 'a:1:{i:0;a:3:{s:12:"module_group";s:4:"misc";s:11:"module_name";s:12:"contact_form";s:2:"id";s:1:"2";}}', '2010-01-13 21:38:57', '2009-08-10 14:17:18', '2009-08-09 00:00:00', NULL, NULL, 0, '2009-08-09 00:00:00', '<div class="ipWidget ipWidgetTitle"><h1 class="ipWidgetTitleHeading">Example contacts / registration page</h1></div><div class="ipWidget ipWidgetText"><p>Your contacts</p></div><div class="ipWidget ipWidgetTitle"><h2 class="ipWidgetTitleHeading">Write Us</h2></div><div class="ipWidget ipWidgetContactForm">\n      <script type="text/javascript">\n      //<![CDATA[ \n        function lib_php_form_standard_1_answer(){\n  \n        \n          if(window.frames[''lib_php_form_standard_1''].new_fields){\n            var new_fields = window.frames[''lib_php_form_standard_1''].new_fields;\n            for(var i=0; i<new_fields.length; i++){\n              lib_php_form_standard_1_replace_input(new_fields[i][0], new_fields[i][1]);\n            }\n          }\n        \n          var first = true;\n        \n           \n        lib_php_form_standard_1_reset(''field_1'');\n       \n        lib_php_form_standard_1_reset(''field_2'');\n       \n        lib_php_form_standard_1_reset(''field_3'');\n       \n        lib_php_form_standard_1_reset(''field_4'');\n      \n          if(window.frames[''lib_php_form_standard_1''].global_error){\n            lib_php_form_standard_1_set_global_error(window.frames[''lib_php_form_standard_1''].global_error, first);\n            first = false;  \n          }\n  \n          if(window.frames[''lib_php_form_standard_1''].errors){\n            var errors = window.frames[''lib_php_form_standard_1''].errors;\n            for(var i=0; i<errors.length; i++){\n              lib_php_form_standard_1_set_error(errors[i][0], errors[i][1], first);\n              first = false;\n            }\n          }\n          \n          if(window.frames[''lib_php_form_standard_1''].script){\n            eval(window.frames[''lib_php_form_standard_1''].script);\n          }\n        }      \n        //]]>    \n      </script>  \n      <form id="lib_php_form_standard_1" target="lib_php_form_standard_1" enctype="multipart/form-data" method="post" action="">\n        \n  \n        <script type="text/javascript">\n          //<![CDATA[\n          function lib_php_form_standard_1_reset(field_name){\n            //document.getElementById(''lib_php_form_standard_1_field_'' + field_name).setAttribute("class", "libPhpFormField");\n            //document.getElementById(''lib_php_form_standard_1_field_'' + field_name).setAttribute("className", "libPhpFormField");\n            document.getElementById(''lib_php_form_standard_1_field_'' + field_name).className = "libPhpFormField";\n            document.getElementById(''lib_php_form_standard_1_field_'' + field_name + ''_error'').innerHTML = '''';\n            document.getElementById(''lib_php_form_standard_1_field_'' + field_name + ''_error'').style.display = ''none'';\n            document.getElementById(''lib_php_form_standard_1_global_error'').style.display = ''none'';\n          }\n          \n          function lib_php_form_standard_1_set_error(field_name, error, first){\n            //document.getElementById(''lib_php_form_standard_1_field_'' + field_name).setAttribute("class", "libPhpFormFieldError");\n            //document.getElementById(''lib_php_form_standard_1_field_'' + field_name).setAttribute("className", "libPhpFormFieldError");\n            document.getElementById(''lib_php_form_standard_1_field_'' + field_name).className = "libPhpFormFieldError";\n            if(error != ''''){\n              document.getElementById(''lib_php_form_standard_1_field_'' + field_name + ''_error'').innerHTML = error;\n              document.getElementById(''lib_php_form_standard_1_field_'' + field_name + ''_error'').style.display = ''block'';\n            }\n            \n            if(first){\n              document.location = ''#lib_php_form_standard_1_field_'' + field_name + ''_error_anchor'';\n            }\n          }\n          \n          function lib_php_form_standard_1_set_global_error(error, first){\n            document.getElementById(''lib_php_form_standard_1_global_error'').innerHTML = error;\n            document.getElementById(''lib_php_form_standard_1_global_error'').style.display = ''block'';\n            if(first){\n              document.location = ''#lib_php_form_standard_1_global_error_anchor'';\n            }\n            \n          }\n          \n          function lib_php_form_standard_1_replace_input(field_name, new_html){\n            document.getElementById(''lib_php_form_standard_1_field_'' + field_name + ''_input'').innerHTML = new_html;\n          }\n          //]]>    \n        </script>     \n      \n      <div>        \n        <a name="lib_php_form_standard_1_global_error_anchor"></a>\n        <div id="lib_php_form_standard_1_global_error" class="libPhpFormGlobalError"></div>\n        \n  \n        <div id="lib_php_form_standard_1_field_field_1" class="libPhpFormField">\n          <a name="lib_php_form_standard_1_field_field_1_error_anchor"></a><label for="lib_php_form_standard_1_field_field_1_input_field" class="libPhpFormCaption">Name *</label>\n          <div class="libPhpFormInput">\n            <div id="lib_php_form_standard_1_field_field_1_input"><input id="lib_php_form_standard_1_field_field_1_input_field" class="formField" type="text" name="field_1" value=""/></div>\n            <div id="lib_php_form_standard_1_field_field_1_error" class="libPhpFormError"></div></div><div class="clear"></div>\n        </div>\n  \n        <div id="lib_php_form_standard_1_field_field_2" class="libPhpFormField">\n          <a name="lib_php_form_standard_1_field_field_2_error_anchor"></a><label for="lib_php_form_standard_1_field_field_2_input_field" class="libPhpFormCaption">Email</label>\n          <div class="libPhpFormInput">\n            <div id="lib_php_form_standard_1_field_field_2_input"><input id="lib_php_form_standard_1_field_field_2_input_field" class="formField" type="text" name="field_2" value=""/></div>\n            <div id="lib_php_form_standard_1_field_field_2_error" class="libPhpFormError"></div></div><div class="clear"></div>\n        </div>\n  \n        <div id="lib_php_form_standard_1_field_field_3" class="libPhpFormField">\n          <a name="lib_php_form_standard_1_field_field_3_error_anchor"></a><label for="lib_php_form_standard_1_field_field_3_input_field" class="libPhpFormCaption">Text *</label>\n          <div class="libPhpFormInput">\n            <div id="lib_php_form_standard_1_field_field_3_input"><textarea id="lib_php_form_standard_1_field_field_3_input_field" cols="25" rows="5" class="formField" name="field_3" ></textarea></div>\n            <div id="lib_php_form_standard_1_field_field_3_error" class="libPhpFormError"></div></div><div class="clear"></div>\n        </div>\n  \n        <div id="lib_php_form_standard_1_field_field_4" class="libPhpFormField">\n          <a name="lib_php_form_standard_1_field_field_4_error_anchor"></a><label for="lib_php_form_standard_1_field_field_4_input_field" class="libPhpFormCaption">File</label>\n          <div class="libPhpFormInput">\n            <div id="lib_php_form_standard_1_field_field_4_input"><input id="lib_php_form_standard_1_field_field_4_input_field" class="formField" type="file" name="field_4" />\n         </div>\n            <div id="lib_php_form_standard_1_field_field_4_error" class="libPhpFormError"></div></div><div class="clear"></div>\n        </div>\n        <div class="clear"><!-- --></div>\n        <div class="libPhpFormButtons"><input type="submit" class="libPhpFormSubmit" value="Send" /></div>\n        <div class="clear"><!-- --></div>\n      </div>\n\n    \n\n      \n\n        <div>\n          <input id="lib_php_form_standard_1_field_cm_group" class="" type="hidden" name="cm_group" value="misc"/><input id="lib_php_form_standard_1_field_cm_name" class="" type="hidden" name="cm_name" value="contact_form"/><input id="lib_php_form_standard_1_field_action" class="" type="hidden" name="action" value="contact_form"/><input id="lib_php_form_standard_1_field_spec_id" class="" type="hidden" name="spec_id" value="2"/>\n          <input type="hidden" name="spec_security_code" value="53c04bbbb498fcf11ca1c2bbe9726cb5" />\n          <input type="hidden" name="spec_rand_name" value="lib_php_form_standard_1" />\n           <iframe onload="if(window.lib_php_form_standard_1_answer)lib_php_form_standard_1_answer();" name="lib_php_form_standard_1" width="0" height="0" frameborder="0">Your browser does not support iframes.</iframe>\n          <div class="clear"></div>\n        </div>        \n      </form>      \n      </div>', '\n\nEXAMPLE CONTACTS / REGISTRATION PAGE\n\n	Your contacts\n\nWRITE US\n\n      Name *      Email      Text *      File              Your\nbrowser does not support iframes.    ', 'default', ''),
(71, 0, 67, 'Subpage', 1, '<div class="ipWidget ipWidgetTitle"><h1 class="ipWidgetTitleHeading">Subpage example</h1></div><div class="ipWidget ipWidgetText"><p>Lorem ipsum dolor sit amet, consectetur adipiscing elit. Curabitur aliquam, ante eu convallis convallis, felis nunc varius sapien, eu hendrerit nisi erat vel arcu. In odio est, scelerisque ut, blandit a, sodales pellentesque, justo. Mauris iaculis lectus nec mauris. Ut ac est. Pellentesque tempus euismod justo. Duis lacinia, lacus vitae volutpat ultricies, eros magna consectetur enim, sodales laoreet quam tellus malesuada dui. In elementum nunc eu ante. Mauris lobortis. Duis scelerisque. Integer dignissim, urna quis viverra blandit, magna augue eleifend neque, et laoreet odio leo non lectus. Curabitur elit justo, iaculis eget, porta vel, dapibus ac, ipsum. Curabitur lobortis cursus purus. Nullam sollicitudin, mauris cursus suscipit facilisis, felis augue tempus turpis, a pretium est ligula in dolor. Lorem ipsum dolor sit amet, consectetur adipiscing elit. Nunc eget odio. Vestibulum orci. Nulla leo nisi, faucibus dapibus, tincidunt non, venenatis at, justo. Aliquam est lectus, ullamcorper molestie, commodo a, auctor ut, ligula. Fusce pharetra.</p></div><div class="ipWidget ipWidgetText"><p><ul><li>lorem ipsumdolor</li><li>sit amet</li><li>vestibulum orci</li></ul></p></div>', 'Subpage example', '', '', 'subpage', 'a:0:{}', '2010-01-13 21:38:57', '2009-08-10 13:36:39', '2009-08-09 00:00:00', NULL, NULL, 0, '2009-08-09 00:00:00', '<div class="ipWidget ipWidgetTitle"><h1 class="ipWidgetTitleHeading">Subpage example</h1></div><div class="ipWidget ipWidgetText"><p>Lorem ipsum dolor sit amet, consectetur adipiscing elit. Curabitur aliquam, ante eu convallis convallis, felis nunc varius sapien, eu hendrerit nisi erat vel arcu. In odio est, scelerisque ut, blandit a, sodales pellentesque, justo. Mauris iaculis lectus nec mauris. Ut ac est. Pellentesque tempus euismod justo. Duis lacinia, lacus vitae volutpat ultricies, eros magna consectetur enim, sodales laoreet quam tellus malesuada dui. In elementum nunc eu ante. Mauris lobortis. Duis scelerisque. Integer dignissim, urna quis viverra blandit, magna augue eleifend neque, et laoreet odio leo non lectus. Curabitur elit justo, iaculis eget, porta vel, dapibus ac, ipsum. Curabitur lobortis cursus purus. Nullam sollicitudin, mauris cursus suscipit facilisis, felis augue tempus turpis, a pretium est ligula in dolor. Lorem ipsum dolor sit amet, consectetur adipiscing elit. Nunc eget odio. Vestibulum orci. Nulla leo nisi, faucibus dapibus, tincidunt non, venenatis at, justo. Aliquam est lectus, ullamcorper molestie, commodo a, auctor ut, ligula. Fusce pharetra.</p></div><div class="ipWidget ipWidgetText"><p><ul><li>lorem ipsumdolor</li><li>sit amet</li><li>vestibulum orci</li></ul></p></div>', '\n\nSUBPAGE EXAMPLE\n\n	Lorem ipsum dolor sit amet, consectetur adipiscing elit. Curabitur\naliquam, ante eu convallis convallis, felis nunc varius sapien, eu\nhendrerit nisi erat vel arcu. In odio est, scelerisque ut, blandit a,\nsodales pellentesque, justo. Mauris iaculis lectus nec mauris. Ut ac\nest. Pellentesque tempus euismod justo. Duis lacinia, lacus vitae\nvolutpat ultricies, eros magna consectetur enim, sodales laoreet quam\ntellus malesuada dui. In elementum nunc eu ante. Mauris lobortis. Duis\nscelerisque. Integer dignissim, urna quis viverra blandit, magna augue\neleifend neque, et laoreet odio leo non lectus. Curabitur elit justo,\niaculis eget, porta vel, dapibus ac, ipsum. Curabitur lobortis cursus\npurus. Nullam sollicitudin, mauris cursus suscipit facilisis, felis\naugue tempus turpis, a pretium est ligula in dolor. Lorem ipsum dolor\nsit amet, consectetur adipiscing elit. Nunc eget odio. Vestibulum\norci. Nulla leo nisi, faucibus dapibus, tincidunt non, venenatis at,\njusto. Aliquam est lectus, ullamcorper molestie, commodo a, auctor ut,\nligula. Fusce pharetra.\n\n	* lorem ipsumdolor\n	* sit amet\n	* vestibulum orci\n\n', 'default', ''),
(60, 0, NULL, NULL, 1, NULL, NULL, NULL, NULL, NULL, NULL, NULL, NULL, NULL, NULL, NULL, 0, '2009-07-28 22:53:24', NULL, NULL, 'default', NULL),
(61, 0, NULL, NULL, 1, NULL, NULL, NULL, NULL, NULL, NULL, NULL, NULL, NULL, NULL, NULL, 0, '2009-07-28 22:53:24', NULL, NULL, 'default', NULL),
(64, 0, 1, 'Welcome!', 1, '<div class="ipWidget ipWidgetTitle"><h1 class="ipWidgetTitleHeading">ImpressPages CMS successfully installed</h1></div><div class="ipWidget ipWidgetText"><p>This is standard ImpressPages content management system website. Use it as an example to build your own website with your content and design.</p></div><div class="ipWidget ipWidgetSeparatorLine"></div><div class="ipWidget ipWidgetText"><p>See top menu for more information about ImpressPages CMS and left menu for examples how the content can be build.</p></div><div class="ipWidget ipWidgetSeparatorLine"></div><div class="ipWidget ipWidgetText"><p>Administration tools can be found on page <a href="[[[[base_url]]]]admin.php">[[[[base_url]]]]admin.php</a></p></div>', 'ImpressPages welcome page', '', '', 'impresspages-welcome-page', 'a:0:{}', '2010-01-13 21:38:57', '2009-08-10 00:22:58', '2009-08-09 00:00:00', NULL, NULL, 0, '2009-08-09 00:00:00', '<div class="ipWidget ipWidgetTitle"><h1 class="ipWidgetTitleHeading">ImpressPages CMS successfully installed</h1></div><div class="ipWidget ipWidgetText"><p>This is standard ImpressPages content management system website. Use it as an example to build your own website with your content and design.</p></div><div class="ipWidget ipWidgetSeparatorLine"></div><div class="ipWidget ipWidgetText"><p>See top menu for more information about ImpressPages CMS and left menu for examples how the content can be build.</p></div><div class="ipWidget ipWidgetSeparatorLine"></div><div class="ipWidget ipWidgetText"><p>Administration tools can be found on page <a href="[[[[base_url]]]]admin.php">[[[[base_url]]]]admin.php</a></p></div>', '\n\nIMPRESSPAGES CMS SUCCESSFULLY INSTALLED\n\n	This is standard ImpressPages content management system website. Use\nit as an example to build your own website with your content and\ndesign.\n\n	See top menu for more information about ImpressPages CMS and left\nmenu for examples how the content can be build.\n\n	Administration tools can be found on page\n[[[[base_url]]]]admin.php [1]\n\nLinks:\n------\n[1] [[[[base_url]]]]admin.php\n', 'default', ''),
(65, 1, 1, 'License', 1, '<div class="ipWidget ipWidgetTitle"><h1 class="ipWidgetTitleHeading">ImpressPages CMS is distibuted under GNU GPL license version 3</h1></div><div class="ipWidget ipWidgetText"><p>ImpressPages CMS is absolutely free software. It is within your right to modify ImpressPages and use it for personal or commercial needs if you comply with the obligations of <a href="http://www.gnu.org/licenses/gpl.html">GNU GPL license</a>.</p></div>', 'License', '', '', 'license', 'a:0:{}', '2010-01-13 21:38:57', '2009-08-10 00:43:10', '2009-08-09 00:00:00', NULL, NULL, 0, '2009-08-09 00:00:00', '<div class="ipWidget ipWidgetTitle"><h1 class="ipWidgetTitleHeading">ImpressPages CMS is distibuted under GNU GPL license version 3</h1></div><div class="ipWidget ipWidgetText"><p>ImpressPages CMS is absolutely free software. It is within your right to modify ImpressPages and use it for personal or commercial needs if you comply with the obligations of <a href="http://www.gnu.org/licenses/gpl.html">GNU GPL license</a>.</p></div>', '\n\nIMPRESSPAGES CMS IS DISTIBUTED UNDER GNU GPL LICENSE VERSION 3\n\n	ImpressPages CMS is absolutely free software. It is within your\nright to modify ImpressPages and use it for personal or commercial\nneeds if you comply with the obligations of GNU GPL license [1].\n\nLinks:\n------\n[1]\nhttp://www.gnu.org/licenses/gpl.html\n', 'default', ''),
(72, 0, 2, 'Lorem ipsum', 1, '<div class="ipWidget ipWidgetTitle"><h1 class="ipWidgetTitleHeading">Lorem ipsum dolor sit amet</h1></div><div class="ipWidget ipWidgetText"><p>Lorem ipsum dolor sit amet, consectetur adipiscing elit. Proin rutrum pede vel quam. Proin auctor suscipit nulla. Suspendisse ac quam. Sed eu mauris. Sed pharetra posuere tortor. Ut tincidunt accumsan sapien. Curabitur eu felis at mi mollis luctus. In magna metus, ullamcorper nec, mattis vitae, ornare et, nunc. Quisque quis elit. Nulla eget quam.</p></div>', 'Lorem ipsum', '', '', 'lorem-ipsum', 'a:0:{}', '2010-01-13 21:38:57', '2009-08-10 15:28:37', NULL, NULL, NULL, 0, '2009-08-10 00:00:00', '<div class="ipWidget ipWidgetTitle"><h1 class="ipWidgetTitleHeading">Lorem ipsum dolor sit amet</h1></div><div class="ipWidget ipWidgetText"><p>Lorem ipsum dolor sit amet, consectetur adipiscing elit. Proin rutrum pede vel quam. Proin auctor suscipit nulla. Suspendisse ac quam. Sed eu mauris. Sed pharetra posuere tortor. Ut tincidunt accumsan sapien. Curabitur eu felis at mi mollis luctus. In magna metus, ullamcorper nec, mattis vitae, ornare et, nunc. Quisque quis elit. Nulla eget quam.</p></div>', '\n\nLOREM IPSUM DOLOR SIT AMET\n\n	Lorem ipsum dolor sit amet, consectetur adipiscing elit. Proin\nrutrum pede vel quam. Proin auctor suscipit nulla. Suspendisse ac\nquam. Sed eu mauris. Sed pharetra posuere tortor. Ut tincidunt\naccumsan sapien. Curabitur eu felis at mi mollis luctus. In magna\nmetus, ullamcorper nec, mattis vitae, ornare et, nunc. Quisque quis\nelit. Nulla eget quam.', 'default', ''),
(73, 0, 4, 'Ut eros', 1, '<div class="ipWidget ipWidgetTitle"><h1 class="ipWidgetTitleHeading">Ut eros. Aliquam eu elit.</h1></div><div class="ipWidget ipWidgetText"><p>Ut eros. Aliquam eu elit. Duis sodales mi non leo. Vivamus porta. Ut blandit, augue quis aliquam condimentum, libero lorem pretium purus, viverra viverra metus sem sed dolor. Nam ultricies est id massa. Morbi rutrum leo sed enim. Phasellus tristique nisl vel tellus. Ut sed ipsum sit amet libero facilisis pretium. Vivamus viverra convallis mi. Vestibulum dapibus, augue condimentum interdum rutrum, justo dolor facilisis enim, sit amet mattis enim tortor eget turpis. Nulla convallis feugiat ante. Suspendisse sed enim eu elit varius varius.</p></div>', '', '', '', 'ut-eros', 'a:0:{}', '2010-01-13 21:38:57', '2009-08-10 15:28:58', NULL, NULL, NULL, 0, '2009-08-10 00:00:00', '<div class="ipWidget ipWidgetTitle"><h1 class="ipWidgetTitleHeading">Ut eros. Aliquam eu elit.</h1></div><div class="ipWidget ipWidgetText"><p>Ut eros. Aliquam eu elit. Duis sodales mi non leo. Vivamus porta. Ut blandit, augue quis aliquam condimentum, libero lorem pretium purus, viverra viverra metus sem sed dolor. Nam ultricies est id massa. Morbi rutrum leo sed enim. Phasellus tristique nisl vel tellus. Ut sed ipsum sit amet libero facilisis pretium. Vivamus viverra convallis mi. Vestibulum dapibus, augue condimentum interdum rutrum, justo dolor facilisis enim, sit amet mattis enim tortor eget turpis. Nulla convallis feugiat ante. Suspendisse sed enim eu elit varius varius.</p></div>', '\n\nUT EROS. ALIQUAM EU ELIT.\n\n	Ut eros. Aliquam eu elit. Duis sodales mi non leo. Vivamus porta. Ut\nblandit, augue quis aliquam condimentum, libero lorem pretium purus,\nviverra viverra metus sem sed dolor. Nam ultricies est id massa. Morbi\nrutrum leo sed enim. Phasellus tristique nisl vel tellus. Ut sed ipsum\nsit amet libero facilisis pretium. Vivamus viverra convallis mi.\nVestibulum dapibus, augue condimentum interdum rutrum, justo dolor\nfacilisis enim, sit amet mattis enim tortor eget turpis. Nulla\nconvallis feugiat ante. Suspendisse sed enim eu elit varius varius.', 'default', '');
   
-- Dumping data for table--

INSERT INTO `ip_cms_content_element` (`id`, `row_number`, `parent`, `button_title`, `visible`, `html`, `page_title`, `keywords`, `description`, `url`, `dynamic_modules`, `last_modified`, `modify_track1`, `modify_track2`, `modify_track3`, `modify_frequency`, `rss`, `created_on`, `cached_html`, `cached_text`, `type`, `redirect_url`) VALUES
(74, 1, 4, 'In vitae nunc', 1, '<div class="ipWidget ipWidgetTitle"><h1 class="ipWidgetTitleHeading">In vitae nunc.</h1></div><div class="ipWidget ipWidgetText"><p>In vitae nunc. Suspendisse facilisis nisi eget massa. Maecenas varius, nulla eget porta sollicitudin, mauris odio semper elit, at lobortis arcu massa ut quam. Etiam dui quam, imperdiet at, euismod ac, lobortis sed, metus. In posuere lobortis felis. Donec rutrum cursus dolor. In facilisis mattis urna. Proin sit amet mi sed libero faucibus ultricies. Nulla in justo mattis nunc commodo cursus. Aliquam vitae magna. Ut condimentum. Nam in nulla. Maecenas aliquam sapien.</p></div>', '', '', '', 'in-vitae-nunc', 'a:0:{}', '2010-01-13 21:38:57', '2009-08-10 15:29:54', NULL, NULL, NULL, 0, '2009-08-10 00:00:00', '<div class="ipWidget ipWidgetTitle"><h1 class="ipWidgetTitleHeading">In vitae nunc.</h1></div><div class="ipWidget ipWidgetText"><p>In vitae nunc. Suspendisse facilisis nisi eget massa. Maecenas varius, nulla eget porta sollicitudin, mauris odio semper elit, at lobortis arcu massa ut quam. Etiam dui quam, imperdiet at, euismod ac, lobortis sed, metus. In posuere lobortis felis. Donec rutrum cursus dolor. In facilisis mattis urna. Proin sit amet mi sed libero faucibus ultricies. Nulla in justo mattis nunc commodo cursus. Aliquam vitae magna. Ut condimentum. Nam in nulla. Maecenas aliquam sapien.</p></div>', '\n\nIN VITAE NUNC.\n\n	In vitae nunc. Suspendisse facilisis nisi eget massa. Maecenas\nvarius, nulla eget porta sollicitudin, mauris odio semper elit, at\nlobortis arcu massa ut quam. Etiam dui quam, imperdiet at, euismod ac,\nlobortis sed, metus. In posuere lobortis felis. Donec rutrum cursus\ndolor. In facilisis mattis urna. Proin sit amet mi sed libero faucibus\nultricies. Nulla in justo mattis nunc commodo cursus. Aliquam vitae\nmagna. Ut condimentum. Nam in nulla. Maecenas aliquam sapien.', 'default', ''),
(75, 2, 4, 'Lorem ipsum', 1, '<div class="ipWidget ipWidgetTitle"><h1 class="ipWidgetTitleHeading">Ut eros. Aliquam eu elit.</h1></div><div class="ipWidget ipWidgetText"><p>Donec rutrum cursus dolor. In facilisis mattis urna. Proin sit amet mi sed libero faucibus ultricies. Nulla in justo mattis nunc commodo cursus. Aliquam vitae magna. Ut condimentum. Nam in nulla. Maecenas aliquam sapien.</p></div>', '', '', '', 'lorem-ipsum-1', 'a:0:{}', '2010-01-13 21:38:57', '2009-08-10 15:31:19', NULL, NULL, NULL, 0, '2009-08-10 00:00:00', '<div class="ipWidget ipWidgetTitle"><h1 class="ipWidgetTitleHeading">Ut eros. Aliquam eu elit.</h1></div><div class="ipWidget ipWidgetText"><p>Donec rutrum cursus dolor. In facilisis mattis urna. Proin sit amet mi sed libero faucibus ultricies. Nulla in justo mattis nunc commodo cursus. Aliquam vitae magna. Ut condimentum. Nam in nulla. Maecenas aliquam sapien.</p></div>', '\n\nUT EROS. ALIQUAM EU ELIT.\n\n	Donec rutrum cursus dolor. In facilisis mattis urna. Proin sit amet\nmi sed libero faucibus ultricies. Nulla in justo mattis nunc commodo\ncursus. Aliquam vitae magna. Ut condimentum. Nam in nulla. Maecenas\naliquam sapien.', 'default', ''),
(76, 0, 71, 'Thrid level page1', 1, '<div class="ipWidget ipWidgetTitle"><h1 class="ipWidgetTitleHeading">Lorem ipsum dolor sit amet</h1></div><div class="ipWidget ipWidgetText"><p>Lorem ipsum dolor sit amet, consectetur adipiscing elit. Vestibulum pharetra lacus vitae leo lobortis nec convallis est molestie. Quisque libero ipsum, mattis ut vehicula blandit, ultrices at eros. Sed odio nulla, tincidunt ac venenatis ac, euismod vel justo. Fusce pulvinar, erat quis sagittis consectetur</p><p>&nbsp;</p></div>', 'Thrid level page1', '', '', '3level1', 'a:0:{}', '2010-01-13 21:38:57', '2009-08-13 19:18:21', '2009-08-12 00:00:00', NULL, NULL, 0, '2009-08-12 00:00:00', '<div class="ipWidget ipWidgetTitle"><h1 class="ipWidgetTitleHeading">Lorem ipsum dolor sit amet</h1></div><div class="ipWidget ipWidgetText"><p>Lorem ipsum dolor sit amet, consectetur adipiscing elit. Vestibulum pharetra lacus vitae leo lobortis nec convallis est molestie. Quisque libero ipsum, mattis ut vehicula blandit, ultrices at eros. Sed odio nulla, tincidunt ac venenatis ac, euismod vel justo. Fusce pulvinar, erat quis sagittis consectetur</p><p>&nbsp;</p></div>', '\n\nLOREM IPSUM DOLOR SIT AMET\n\n	Lorem ipsum dolor sit amet, consectetur adipiscing elit. Vestibulum\npharetra lacus vitae leo lobortis nec convallis est molestie. Quisque\nlibero ipsum, mattis ut vehicula blandit, ultrices at eros. Sed odio\nnulla, tincidunt ac venenatis ac, euismod vel justo. Fusce pulvinar,\nerat quis sagittis consectetur\n\n	 ', 'default', ''),
(77, 1, 71, 'Thrid level page 2', 1, '<div class="ipWidget ipWidgetTitle"><h1 class="ipWidgetTitleHeading">Suspendisse vel enim ut erat tempus</h1></div><div class="ipWidget ipWidgetText"><p>Suspendisse vel enim ut erat tempus laoreet vel sed neque. Nam scelerisque tristique nunc. Integer odio nulla, sagittis eu consequat a, fermentum a felis. In hac habitasse platea dictumst. Aenean sollicitudin convallis augue, ut ornare diam hendrerit nec. Sed faucibus metus a ipsum lobortis porttitor eu gravida libero. Ut libero eros, tincidunt laoreet lacinia non, porttitor quis ligula. Sed hendrerit magna ac nisi pretium vel dapibus quam fringilla.</p><p>&nbsp;</p></div>', 'Thrid level page 2', '', '', '3level2', 'a:0:{}', '2010-01-13 21:38:57', '2009-08-12 00:00:00', NULL, NULL, NULL, 0, '2009-08-12 00:00:00', '<div class="ipWidget ipWidgetTitle"><h1 class="ipWidgetTitleHeading">Suspendisse vel enim ut erat tempus</h1></div><div class="ipWidget ipWidgetText"><p>Suspendisse vel enim ut erat tempus laoreet vel sed neque. Nam scelerisque tristique nunc. Integer odio nulla, sagittis eu consequat a, fermentum a felis. In hac habitasse platea dictumst. Aenean sollicitudin convallis augue, ut ornare diam hendrerit nec. Sed faucibus metus a ipsum lobortis porttitor eu gravida libero. Ut libero eros, tincidunt laoreet lacinia non, porttitor quis ligula. Sed hendrerit magna ac nisi pretium vel dapibus quam fringilla.</p><p>&nbsp;</p></div>', '\n\nSUSPENDISSE VEL ENIM UT ERAT TEMPUS\n\n	Suspendisse vel enim ut erat tempus laoreet vel sed neque. Nam\nscelerisque tristique nunc. Integer odio nulla, sagittis eu consequat\na, fermentum a felis. In hac habitasse platea dictumst. Aenean\nsollicitudin convallis augue, ut ornare diam hendrerit nec. Sed\nfaucibus metus a ipsum lobortis porttitor eu gravida libero. Ut libero\neros, tincidunt laoreet lacinia non, porttitor quis ligula. Sed\nhendrerit magna ac nisi pretium vel dapibus quam fringilla.\n\n	 ', 'default', '');

-- Dumping data for table--

INSERT INTO `ip_cms_content_element_to_modules` (`id`, `row_number`, `element_id`, `visible`, `module_key`, `group_key`, `module_id`, `instance_id`, `preview`) VALUES
(51, 5, 67, 1, 'title', 'text_photos', 10, 0, 0),
(50, 4, 67, 1, 'photo_gallery', 'text_photos', 2, 0, 0),
(49, 0, 67, 1, 'title', 'text_photos', 9, 0, 0),
(48, 1, 67, 1, 'title', 'text_photos', 8, 0, 0),
(47, 2, 67, 1, 'text_photo', 'text_photos', 2, 0, 0),
(46, 3, 66, 1, 'text', 'text_photos', 13, 0, 0),
(45, 2, 66, 1, 'title', 'text_photos', 7, 0, 0),
(44, 1, 66, 1, 'text', 'text_photos', 12, 0, 0),
(43, 0, 66, 1, 'title', 'text_photos', 6, 0, 0),
(42, 1, 65, 1, 'text', 'text_photos', 11, 0, 0),
(41, 0, 65, 1, 'title', 'text_photos', 5, 0, 0),
(40, 4, 64, 1, 'separator', 'text_photos', 40, 0, 0),
(39, 2, 64, 1, 'separator', 'text_photos', 39, 0, 0),
(35, 0, 64, 1, 'title', 'text_photos', 4, 0, 0),
(36, 1, 64, 1, 'text', 'text_photos', 8, 0, 0),
(37, 3, 64, 1, 'text', 'text_photos', 9, 0, 0),
(38, 5, 64, 1, 'text', 'text_photos', 10, 0, 0),
(52, 3, 67, 1, 'title', 'text_photos', 11, 0, 0),
(53, 6, 67, 1, 'photo', 'text_photos', 5, 0, 0),
(54, 0, 71, 1, 'title', 'text_photos', 12, 0, 0),
(55, 1, 71, 1, 'text', 'text_photos', 14, 0, 0),
(56, 2, 71, 1, 'text', 'text_photos', 15, 0, 0),
(57, 0, 68, 1, 'title', 'text_photos', 13, 0, 0),
(58, 0, 69, 1, 'title', 'text_photos', 14, 0, 0),
(59, 1, 69, 1, 'text_photo', 'text_photos', 3, 0, 0),
(60, 2, 69, 1, 'separator', 'text_photos', 60, 0, 0),
(61, 3, 69, 1, 'title', 'text_photos', 15, 0, 0),
(62, 4, 69, 1, 'text', 'text_photos', 16, 0, 0),
(63, 6, 69, 1, 'photo_gallery', 'text_photos', 3, 0, 0),
(64, 5, 69, 1, 'separator', 'text_photos', 64, 0, 0),
(65, 0, 70, 1, 'title', 'text_photos', 16, 0, 0),
(66, 1, 70, 1, 'text', 'text_photos', 17, 0, 0),
(67, 2, 70, 1, 'title', 'text_photos', 17, 0, 0),
(68, 3, 70, 1, 'contact_form', 'misc', 2, 0, 0),
(69, 1, 72, 1, 'text', 'text_photos', 18, 0, 0),
(70, 0, 72, 1, 'title', 'text_photos', 18, 0, 0),
(71, 0, 73, 1, 'title', 'text_photos', 19, 0, 0),
(72, 1, 73, 1, 'text', 'text_photos', 19, 0, 0),
(73, 1, 74, 1, 'text', 'text_photos', 20, 0, 0),
(74, 0, 74, 1, 'title', 'text_photos', 20, 0, 0),
(75, 1, 75, 1, 'text', 'text_photos', 21, 0, 0),
(76, 0, 75, 1, 'title', 'text_photos', 21, 0, 0),
(77, 0, 76, 1, 'title', 'text_photos', 22, 0, 0),
(78, 1, 76, 1, 'text', 'text_photos', 22, 0, 0),
(79, 0, 77, 1, 'title', 'text_photos', 23, 0, 0),
(80, 1, 77, 1, 'text', 'text_photos', 23, 0, 0),
(81, 1, 68, 1, 'video', 'misc', 2, 0, 0);

-- Dumping data for table--

INSERT INTO `ip_cms_content_module` (`id`, `group_id`, `row_number`, `name`, `dynamic`, `translation`, `version`) VALUES
(501, 500, 0, 'photo', 0, 'Photo', '1.00'),
(511, 500, 3, 'separator', 0, 'Separator', '1.00'),
(512, 500, 2, 'logo_gallery', 0, 'Logo gallery', '1.00'),
(514, 500, -10, 'text_title', 0, 'Title/Text', '1.00'),
(502, 500, -3, 'text', 0, 'Text', '1.00'),
(503, 500, -1, 'text_photo', 0, 'Text with photo', '1.00'),
(504, 500, 5, 'faq', 0, 'FAQ', '1.00'),
(505, 500, -2, 'title', 0, 'Title', '1.00'),
(507, 500, 1, 'photo_gallery', 0, 'Photo gallery', '1.00'),
(506, 501, 1, 'file', 0, 'File', '1.00'),
(508, 501, 2, 'video', 0, 'Video', '1.00'),
(509, 501, 3, 'contact_form', 0, 'Contact form', '1.00'),
(510, 501, 4, 'html_code', 0, 'HTML code', '1.00'),
(513, 501, 0, 'rich_text', 0, 'Rich text', '1.00');

-- Dumping data for table--
INSERT INTO `ip_cms_content_module_group` (`id`, `name`, `row_number`, `translation`) VALUES
(500, 'text_photos', 1, 'Text / photos'),
(501, 'misc', 2, 'Misc.');

-- Dumping data for table--

INSERT INTO `ip_cms_language` (`id`, `d_short`, `d_long`, `row_number`, `visible`, `url`, `code`) VALUES
(344, 'EN', 'English', 2, 1, 'en', 'en'),
(384, 'LA', 'Latin', 3, 1, 'la', 'la');

-- Dumping data for table--

INSERT INTO `ip_cms_mc_misc_contact_form` (`id`, `thank_you`, `email_to`, `email_subject`, `button`, `layout`) VALUES
(2, 'Thank you', '[[[[site_email]]]]', 'Email from my website.', 'Send', 'default');

-- Dumping data for table--

INSERT INTO `ip_cms_mc_misc_contact_form_field` (`id`, `name`, `type`, `required`, `contact_form`) VALUES
(94, 'File', 'file', 0, 2),
(93, 'Text', 'textarea', 1, 2),
(92, 'Email', 'email', 0, 2),
(91, 'Name', 'text', 1, 2);

-- Dumping data for table--

INSERT INTO `ip_cms_mc_misc_video` (`id`, `title`, `photo`, `layout`) VALUES
(2, '', 'sample.flv', 'default');

-- Dumping data for table--

INSERT INTO `ip_cms_mc_text_photos_photo` (`id`, `title`, `photo`, `photo_big`, `layout`) VALUES
(5, '', 'cms_file_28.jpg', 'cms_file_28_1.jpg', 'default');

-- Dumping data for table--

INSERT INTO `ip_cms_mc_text_photos_photo_gallery` (`id`, `blank`, `layout`) VALUES
(2, '', 'default'),
(3, '', 'default');

-- Dumping data for table--

INSERT INTO `ip_cms_mc_text_photos_photo_gallery_photo` (`id`, `title`, `photo`, `photo_big`, `photo_gallery`, `row_number`) VALUES
(2, '', 'cms_file_29.jpg', 'cms_file_29_1.jpg', 2, 0),
(3, '', 'cms_file_1.jpg', 'cms_file_1_1.jpg', 2, 1),
(4, '', 'cms_file_27.jpg', 'cms_file_27_1.jpg', 2, 2),
(5, '', 'cms_file_3.jpg', 'cms_file_3_1.jpg', 2, 3),
(6, '', 'cms_file_17.jpg', 'cms_file_17_1.jpg', 3, 0),
(7, '', 'cms_file_4.jpg', 'cms_file_4_1.jpg', 3, 1),
(8, '', 'cms_file_18.jpg', 'cms_file_18_1.jpg', 3, 2),
(9, '', 'cms_file_13.jpg', 'cms_file_13_1.jpg', 3, 3),
(10, '', 'cms_file_15.jpg', 'cms_file_15_1.jpg', 3, 4),
(11, '', 'cms_file_12.jpg', 'cms_file_12_1.jpg', 3, 5),
(12, '', 'cms_file_10.jpg', 'cms_file_10_1.jpg', 3, 6),
(13, '', 'cms_file_19.jpg', 'cms_file_19_1.jpg', 3, 7);

-- Dumping data for table--

INSERT INTO `ip_cms_mc_text_photos_separator` (`id`, `layout`) VALUES
(20, 'line'),
(21, 'line'),
(22, 'line'),
(23, 'line');

-- Dumping data for table--

INSERT INTO `ip_cms_mc_text_photos_text` (`id`, `text`, `base_url`, `layout`) VALUES
(10, '<p>Administration tools can be found on page <a href="[[[[base_url]]]]admin.php">[[[[base_url]]]]admin.php</a></p>', '[[[[base_url]]]]', 'default'),
(8, '<p>This is standard ImpressPages content management system website. Use it as an example to build your own website with your content and design.</p>', '[[[[base_url]]]]', 'default'),
(9, '<p>See top menu for more information about ImpressPages CMS and left menu for examples how the content can be build.</p>', '[[[[base_url]]]]', 'default'),
(11, '<p>ImpressPages CMS is absolutely free software. It is within your right to modify ImpressPages and use it for personal or commercial needs if you comply with the obligations of <a href="[[[[base_url]]]]en/about/license/ImpressPages%20CMS%20is%20absolutely%20free%20software.%20It%20is%20within%20your%20right%20to%20modify%20ImpressPages%20and%20use%20it%20for%20personal%20or%20commercial%20needs%20if%20you%20comply%20with%20the%20obligations%20of%20GNU%20GPL%20license.">GNU GPL license</a>.</p>', '[[[[base_url]]]]', 'default'),
(12, '<p>Lorem ipsum dolor sit amet, consectetur adipiscing elit. Proin rutrum pede vel quam. Proin auctor suscipit nulla. Suspendisse ac quam. Sed eu mauris. Sed pharetra posuere tortor. Ut tincidunt accumsan sapien. Curabitur eu felis at mi mollis luctus. In magna metus, ullamcorper nec, mattis vitae, ornare et, nunc. Quisque quis elit. Nulla eget quam.</p><p>&nbsp;</p><p><span class="note">Proin sit amet erat sit amet metus molestie posuere. Cras porttitor faucibus lectus. Aliquam nisi ante, venenatis porta, tristique quis, semper ac, elit. Praesent fringilla </span></p>', '[[[[base_url]]]]', 'default'),
(13, '<p>Praesent tempor eros sit amet turpis tristique blandit. Etiam egestas pede. Fusce a leo. Nam semper, eros eu consequat viverra, elit quam bibendum magna, ac convallis arcu leo accumsan velit. In dui lectus, auctor at, hendrerit vel, elementum a, dui. Morbi et eros. Maecenas interdum pede ac odio. Cras non odio. Suspendisse tortor. Mauris euismod vestibulum tellus. Praesent ullamcorper viverra sem. Vivamus felis sem, venenatis eu, ultricies nec, ultrices sit amet, tellus. Nullam in odio sed mi commodo posuere. Vivamus vel felis vitae tortor consequat aliquet.</p>', '[[[[base_url]]]]', 'default'),
(14, '<p>Lorem ipsum dolor sit amet, consectetur adipiscing elit. Curabitur aliquam, ante eu convallis convallis, felis nunc varius sapien, eu hendrerit nisi erat vel arcu. In odio est, scelerisque ut, blandit a, sodales pellentesque, justo. Mauris iaculis lectus nec mauris. Ut ac est. Pellentesque tempus euismod justo. Duis lacinia, lacus vitae volutpat ultricies, eros magna consectetur enim, sodales laoreet quam tellus malesuada dui. In elementum nunc eu ante. Mauris lobortis. Duis scelerisque. Integer dignissim, urna quis viverra blandit, magna augue eleifend neque, et laoreet odio leo non lectus. Curabitur elit justo, iaculis eget, porta vel, dapibus ac, ipsum. Curabitur lobortis cursus purus. Nullam sollicitudin, mauris cursus suscipit facilisis, felis augue tempus turpis, a pretium est ligula in dolor. Lorem ipsum dolor sit amet, consectetur adipiscing elit. Nunc eget odio. Vestibulum orci. Nulla leo nisi, faucibus dapibus, tincidunt non, venenatis at, justo. Aliquam est lectus, ullamcorper molestie, commodo a, auctor ut, ligula. Fusce pharetra.</p>', '[[[[base_url]]]]', 'default'),
(15, '<ul><li>lorem ipsumdolor</li><li>sit amet</li><li>vestibulum orci</li></ul>', '[[[[base_url]]]]', 'default'),
(16, '<p>Lorem ipsum dolor sit amet, consectetur adipiscing elit. Proin rutrum pede vel quam. Proin auctor suscipit nulla. Suspendisse ac quam. Sed eu mauris. Sed pharetra posuere tortor. Ut tincidunt accumsan sapien. Curabitur eu felis at mi mollis luctus. In magna metus, ullamcorper nec, mattis vitae, ornare et, nunc. Quisque quis elit. Nulla eget quam. Aliquam vehicula sollicitudin enim. Donec viverra lacus vitae urna. Donec viverra. Etiam nec sem. Pellentesque eleifend sapien non tortor.</p>', '[[[[base_url]]]]', 'default'),
(17, '<p>Your contacts</p>', '[[[[base_url]]]]', 'default'),
(18, '<p>Lorem ipsum dolor sit amet, consectetur adipiscing elit. Proin rutrum pede vel quam. Proin auctor suscipit nulla. Suspendisse ac quam. Sed eu mauris. Sed pharetra posuere tortor. Ut tincidunt accumsan sapien. Curabitur eu felis at mi mollis luctus. In magna metus, ullamcorper nec, mattis vitae, ornare et, nunc. Quisque quis elit. Nulla eget quam.</p>', '[[[[base_url]]]]', 'default'),
(19, '<p>Ut eros. Aliquam eu elit. Duis sodales mi non leo. Vivamus porta. Ut blandit, augue quis aliquam condimentum, libero lorem pretium purus, viverra viverra metus sem sed dolor. Nam ultricies est id massa. Morbi rutrum leo sed enim. Phasellus tristique nisl vel tellus. Ut sed ipsum sit amet libero facilisis pretium. Vivamus viverra convallis mi. Vestibulum dapibus, augue condimentum interdum rutrum, justo dolor facilisis enim, sit amet mattis enim tortor eget turpis. Nulla convallis feugiat ante. Suspendisse sed enim eu elit varius varius.</p>', '[[[[base_url]]]]', 'default'),
(20, '<p>In vitae nunc. Suspendisse facilisis nisi eget massa. Maecenas varius, nulla eget porta sollicitudin, mauris odio semper elit, at lobortis arcu massa ut quam. Etiam dui quam, imperdiet at, euismod ac, lobortis sed, metus. In posuere lobortis felis. Donec rutrum cursus dolor. In facilisis mattis urna. Proin sit amet mi sed libero faucibus ultricies. Nulla in justo mattis nunc commodo cursus. Aliquam vitae magna. Ut condimentum. Nam in nulla. Maecenas aliquam sapien.</p>', '[[[[base_url]]]]', 'default'),
(21, '<p>Donec rutrum cursus dolor. In facilisis mattis urna. Proin sit amet mi sed libero faucibus ultricies. Nulla in justo mattis nunc commodo cursus. Aliquam vitae magna. Ut condimentum. Nam in nulla. Maecenas aliquam sapien.</p>', '[[[[base_url]]]]', 'default'),
(22, '<p>Lorem ipsum dolor sit amet, consectetur adipiscing elit. Vestibulum pharetra lacus vitae leo lobortis nec convallis est molestie. Quisque libero ipsum, mattis ut vehicula blandit, ultrices at eros. Sed odio nulla, tincidunt ac venenatis ac, euismod vel justo. Fusce pulvinar, erat quis sagittis consectetur</p><p>&nbsp;</p>', '[[[[base_url]]]]', 'default'),
(23, '<p>Suspendisse vel enim ut erat tempus laoreet vel sed neque. Nam scelerisque tristique nunc. Integer odio nulla, sagittis eu consequat a, fermentum a felis. In hac habitasse platea dictumst. Aenean sollicitudin convallis augue, ut ornare diam hendrerit nec. Sed faucibus metus a ipsum lobortis porttitor eu gravida libero. Ut libero eros, tincidunt laoreet lacinia non, porttitor quis ligula. Sed hendrerit magna ac nisi pretium vel dapibus quam fringilla.</p><p>&nbsp;</p>', '[[[[base_url]]]]', 'default');

-- Dumping data for table--

INSERT INTO `ip_cms_mc_text_photos_text_photo` (`id`, `title`, `photo`, `photo_big`, `text`, `base_url`, `layout`) VALUES
(2, '', 'cms_file_31.jpg', 'cms_file_31_1.jpg', '<p>Lorem ipsum dolor sit amet, consectetur adipiscing elit. Integer sodales sem ac augue. Morbi bibendum leo quis metus. Nulla at leo. Nunc mattis elit sit amet nibh. Suspendisse eu turpis quis dolor varius ultrices. Lorem ipsum dolor sit amet, consectetur adipiscing elit. Duis eget augue a turpis ullamcorper fringilla. Etiam imperdiet tellus lobortis ipsum. Nunc tristique, tellus eget commodo elementum, eros justo venenatis nisi, ut elementum tellus ipsum in odio. Nam eleifend dictum libero. Etiam magna tortor, ornare vitae, aliquam in, dapibus ut, justo. Lorem ipsum dolor sit amet, consectetur adipiscing elit. Integer sodales sem ac augue. Morbi bibendum leo quis metus. Nulla at leo. Nunc mattis elit sit amet nibh. Suspendisse eu turpis quis dolor varius ultrices. Lorem ipsum dolor sit amet, consectetur adipiscing elit. Duis eget augue a turpis ullamcorper fringilla. Etiam imperdiet tellus lobortis ipsum. Nunc tristique, tellus eget commodo elementum, eros justo venenatis nisi, ut elementum tellus ipsum in odio. Nam eleifend dictum libero. Etiam magna tortor, ornare vitae, aliquam in, dapibus ut, justo.</p>', '[[[[base_url]]]]', 'left'),
(3, '', 'cms_file_21.jpg', 'cms_file_21_1.jpg', '<p>Lorem ipsum dolor sit amet, consectetur adipiscing elit. Proin rutrum pede vel quam. Proin auctor suscipit nulla. Suspendisse ac quam. Sed eu mauris. Sed pharetra posuere tortor. Ut tincidunt accumsan sapien. Curabitur eu felis at mi mollis luctus. In magna metus, ullamcorper nec, mattis vitae, ornare et, nunc. Quisque quis elit. Nulla eget quam. Aliquam vehicula sollicitudin enim. Donec viverra lacus vitae urna. Donec viverra. Etiam nec sem. Pellentesque eleifend sapien non tortor.</p>', '[[[[base_url]]]]', 'left');

-- Dumping data for table--

INSERT INTO `ip_cms_mc_text_photos_title` (`id`, `title`, `level`, `layout`) VALUES
(4, 'ImpressPages CMS successfully installed', 1, 'default'),
(5, 'ImpressPages CMS is distibuted under GNU GPL license version 3', 1, 'default'),
(6, 'Lorem ipsum dolor sit amet', 1, 'default'),
(7, 'Integer tincidunt, orci vitae molestie ', 2, 'default'),
(8, 'Photo with text', 2, 'default'),
(9, 'Many ways to publish photos', 1, 'default'),
(10, 'Single photo', 2, 'default'),
(11, 'Photo gallery', 2, 'default'),
(12, 'Subpage example', 1, 'default'),
(13, 'Video', 1, 'default'),
(14, 'Text, photos and video in one page', 1, 'default'),
(15, 'Lorem ipsum', 2, 'default'),
(16, 'Example contacts / registration page', 1, 'default'),
(17, 'Write Us', 2, 'default'),
(18, 'Lorem ipsum dolor sit amet', 1, 'default'),
(19, 'Ut eros. Aliquam eu elit.', 1, 'default'),
(20, 'In vitae nunc.', 1, 'default'),
(21, 'Ut eros. Aliquam eu elit.', 1, 'default'),
(22, 'Lorem ipsum dolor sit amet', 1, 'default'),
(23, 'Suspendisse vel enim ut erat tempus', 1, 'default');

-- Dumping data for table--

INSERT INTO `ip_cms_module` (`id`, `group_id`, `row_number`, `name`, `admin`, `translation`, `managed`, `version`, `core`) VALUES
(323, 336, 7, 'std_mod', 1, 'Std. mod.', 0, '1.00', 1),
(352, 336, 4, 'modules_configuration', 1, 'Modules config', 1, '1.00', 1),
(326, 323, 0, 'administrators', 1, 'Administrators', 1, '1.00', 1),
(327, 324, 1, 'content_management', 1, 'Content management', 1, '1.00', 1),
(328, 336, 1, 'zones', 1, 'Zones', 1, '1.00', 1),
(329, 324, 6, 'languages', 1, 'Languages', 1, '1.00', 1),
(330, 336, 5, 'widgets', 1, 'Widgets', 1, '1.00', 1),
(332, 324, 5, 'configuration', 0, 'Configuration', 1, '1.00', 1),
(333, 324, 4, 'seo', 1, 'SEO', 1, '1.00', 1),
(347, 324, 3, 'menu_management', 1, 'Menu management', 1, '1.00', 1),
(348, 323, 3, 'log', 1, 'Log', 1, '1.00', 1),
(349, 336, 3, 'modules', 1, 'Modules', 1, '1.00', 1),
(351, 323, 0, 'rss', 0, 'RSS', 0, '1.00', 1),
(353, 323, 0, 'email_queue', 1, 'Email queue', 1, '1.00', 1),
(354, 337, 0, 'newsletter', 0, 'Newsletter', 1, '1.00', 1),
(355, 337, 0, 'newsletter_subscribers', 1, 'Newsletter subscribers', 1, '1.00', 1),
(356, 323, 0, 'search', 0, 'Search', 0, '1.00', 1),
(358, 323, 0, 'sitemap', 0, 'Sitemap', 0, '1.00', 1),
(361, 336, 8, 'config_exp_imp', 1, 'Modules exp/imp', 1, '1.00', 1),
(436, 336, 9, 'localization', 1, 'Localization', 1, '1.00', 1),
(424, 323, 4, 'system', 1, 'System', 1, '1.00', 1),
(435, 324, 7, 'breadcrumb', 1, 'Breadcrumb', 0, '1.00', 1);

-- Dumping data for table--

INSERT INTO `ip_cms_module_group` (`id`, `name`, `row_number`, `admin`, `translation`) VALUES
(323, 'administrator', 9, 0, 'Administrator'),
(324, 'standard', 6, 0, 'Standard'),
(336, 'developer', 13, 1, 'Developer'),
(337, 'community', 7, 0, 'Community');

-- Dumping data for table--

INSERT INTO `ip_cms_parameter` (`id`, `name`, `admin`, `row_number`, `regexpression`, `group_id`, `translation`, `comment`, `type`) VALUES
(984, 'cant_delete', 1, 0, '', 352, 'Can''t delete', '', 'string'),
(371, 'name', 1, 0, '', 371, 'Name', '', 'string'),
(372, 'password', 1, 0, '', 371, 'Password', '', 'string'),
(373, 'module', 1, 0, '', 371, 'Module', '', 'string'),
(374, 'name', 1, 0, '', 374, 'Name', '', 'string'),
(375, 'key', 1, 0, '', 374, 'Key', '', 'string'),
(376, 'short', 1, 0, '', 376, 'Short', '', 'string'),
(377, 'long', 1, 0, '', 376, 'Long', '', 'string'),
(378, 'visible', 1, 0, '', 376, 'Visible', '', 'string'),
(379, 'name', 1, 0, '', 379, 'Name', '', 'string'),
(380, 'key', 1, 0, '', 379, 'Key', '', 'string'),
(381, 'type', 1, 0, '', 379, 'Value', '', 'string'),
(382, 'regexpression', 1, 0, '', 379, 'Regexpression', '', 'string'),
(383, 'admin', 1, 0, '', 379, 'Administrative', '', 'string'),
(399, 'man_paragraph_down', 1, 0, '', 384, 'Down', '', 'string'),
(391, 'man_save', 1, 0, '', 384, 'Save', '', 'string'),
(394, 'man_paragraph_hide', 1, 0, '', 384, 'Hide', '', 'string'),
(395, 'man_paragraph_show', 1, 0, '', 384, 'Show', '', 'string'),
(396, 'man_paragraph_up', 1, 0, '', 384, 'Up', '', 'string'),
(397, 'man_paragraph_delete', 1, 0, '', 384, 'Delete', '', 'string'),
(398, 'man_paragraph_edit', 1, 0, '', 384, 'Edit', '', 'string'),
(403, 'man_aditional_info', 1, 0, '', 384, 'Aditional info', '', 'string'),
(404, 'man_paragraph_confirm', 1, 0, '', 384, 'Confirm', '', 'string'),
(405, 'man_paragraph_cancel', 1, 0, '', 384, 'Cancel', '', 'string'),
(407, 'title', 1, 0, '', 409, 'Title', '', 'string'),
(408, 'new_file', 1, 0, '', 409, 'New file', '', 'string'),
(409, 'current_file', 1, 0, '', 409, 'Current file', '', 'string'),
(411, 'photo', 1, 0, '', 411, 'Photo', '', 'string'),
(412, 'title', 1, 0, '', 411, 'Title', '', 'string'),
(414, 'current_photo', 1, 0, '', 411, 'Current photo', '', 'string'),
(752, 'quality', 1, 0, '', 446, 'Photo quality', '', 'integer'),
(751, 'big_height', 1, 0, '', 446, 'Big photo height', '', 'integer'),
(750, 'big_width', 1, 0, '', 446, 'Big photo width', '', 'integer'),
(422, 'title', 1, 0, '', 435, 'Title', '', 'string'),
(423, 'gallery', 1, 0, '', 435, 'Photo gallery', '', 'string'),
(424, 'new_photo', 1, 0, '', 435, 'New photo', '', 'string'),
(956, 'height', 1, 0, '', 506, 'Height', '', 'integer'),
(955, 'width', 1, 0, '', 506, 'Width', '', 'integer'),
(951, 'logo_gallery', 1, 0, '', 506, 'Logo gallery', '', 'string'),
(435, 'delete_confirm', 1, 0, '', 435, 'Delete the photo?', '', 'string'),
(436, 'menu_mod_text', 1, 0, '', 436, 'Text', '', 'string'),
(438, 'title', 1, 0, '', 446, 'Title', '', 'string'),
(439, 'new_photo', 1, 0, '', 446, 'Upload photo', '', 'string'),
(440, 'current_photo', 1, 0, '', 446, 'Current photo', '', 'string'),
(759, 'big_quality', 1, 0, '', 435, 'Big photo quality', '', 'integer'),
(758, 'quality', 1, 0, '', 435, 'Photo quality', '', 'integer'),
(757, 'big_height', 1, 0, '', 435, 'Big photo height', '', 'integer'),
(756, 'big_width', 1, 0, '', 435, 'Big photo width', '', 'integer'),
(755, 'height', 1, 0, '', 435, 'Photo Height', '', 'integer'),
(754, 'width', 1, 0, '', 435, 'Photo width', '', 'integer'),
(486, 'preview', 1, 0, '', 384, 'Preview', '', 'string'),
(453, 'man_aditional_keywords', 1, 0, '', 384, 'Keywords', '', 'string'),
(454, 'man_aditional_description', 1, 0, '', 384, 'Description', '', 'string'),
(455, 'man_aditional_url', 1, 0, '', 384, 'URL', '', 'string'),
(1526, 'layout_default', 1, 0, '', 409, 'Layout default', NULL, 'string'),
(465, 'url', 1, 0, '', 457, 'URL', '', 'string'),
(467, 'keywords', 1, 0, '', 457, 'Keywords', '', 'string'),
(468, 'description', 1, 0, '', 457, 'Description', '', 'string'),
(472, 'list', 1, 0, '', 352, 'List', '', 'string'),
(474, 'languages', 1, 0, '', 376, 'Languages', '', 'string'),
(475, 'administrators', 1, 0, '', 371, 'Administrators', '', 'string'),
(476, 'allowed_modules', 1, 0, '', 371, 'Allowed modules', '', 'string'),
(477, 'module_groups', 1, 0, '', 357, 'Module groups', '', 'string'),
(478, 'modules', 1, 0, '', 357, 'Modules', '', 'string'),
(479, 'parameter_groups', 1, 0, '', 357, 'Parameter groups', '', 'string'),
(480, 'parameters', 1, 0, '', 357, 'Parameters', '', 'string'),
(481, 'zones', 1, 0, '', 374, 'Zones', '', 'string'),
(482, 'content_module_groups', 1, 0, '', 379, 'Content module groups', '', 'string'),
(484, 'parameter_groups', 1, 0, '', 379, 'Parameter groups', '', 'string'),
(485, 'parameters', 1, 0, '', 379, 'Parameters', '', 'string'),
(488, 'title', 1, 0, '', 461, 'Title', '', 'string'),
(489, 'new_file', 1, 0, '', 461, 'Upload video', '', 'string'),
(490, 'save', 1, 0, '', 457, 'Save', '', 'string'),
(498, 'type', 1, 0, '', 463, 'Type', '', 'string'),
(499, 'text_row', 1, 0, '', 463, 'Text row', '', 'string'),
(500, 'text_field', 1, 0, '', 463, 'Text field', '', 'string'),
(501, 'file', 1, 0, '', 463, 'File', '', 'string'),
(502, 'new_field', 1, 0, '', 463, 'New field', '', 'string'),
(504, 'required', 1, 0, '', 463, 'Required', '', 'string'),
(519, 'template', 1, 0, '', 374, 'Layout', '', 'string'),
(1531, 'layout_default', 1, 0, '', 600, 'Layout default', NULL, 'string'),
(942, 'copyright', 0, 0, '', 503, 'Copyright', '', 'lang'),
(522, 'admin', 1, 0, '', 357, 'Admin', '', 'string'),
(525, 'email_to', 1, 0, '', 463, 'Send to', '', 'string'),
(526, 'email_subject', 1, 0, '', 463, 'Email subject', '', 'string'),
(529, 'button', 1, 0, '', 463, 'Button caption', '', 'string'),
(530, 'error_required', 1, 0, '', 352, 'Required field', '', 'string'),
(531, 'error_file_upload', 1, 0, '', 352, 'File upload error', '', 'string'),
(559, 'number_reg_expression', 1, 0, '', 466, 'Number reg expression', '', 'string'),
(561, 'error_year', 0, 0, '', 352, 'Incorrect year format', '', 'string'),
(563, 'error_email', 1, 0, '', 352, 'Incorrect email', '', 'string'),
(584, 'link_reg_expression', 1, 0, '', 466, 'Link reg expression', '', 'string'),
(591, 'error_link', 1, 0, '', 352, 'Link should begin with http://', '', 'string'),
(898, 'email_reg_expression', 1, 0, '', 466, 'Email reg expression', '', 'string'),
(897, 'logout', 0, 0, '', 496, 'Logout', '', 'string'),
(727, 'untitled', 1, 0, '', 478, 'Untitled', '', 'string'),
(703, 'number_real_reg_expression', 1, 0, '', 466, 'Number real reg expression', '', 'string'),
(1530, 'layout_default', 1, 0, '', 435, 'Layout default', NULL, 'string'),
(1529, 'layout_default', 1, 0, '', 411, 'Layout default', NULL, 'string'),
(1528, 'layout_default', 1, 0, '', 506, 'Layout default', NULL, 'string'),
(731, 'man_aditional_page_properties', 1, 0, '', 384, 'Page properties', '', 'string'),
(732, 'error_number', 1, 0, '', 352, 'Number required', '', 'string'),
(734, 'error_number_big', 1, 0, '', 352, 'Biggest allowed number: ', '', 'string'),
(736, 'width', 1, 0, '', 411, 'Photo width', '', 'integer'),
(737, 'height', 1, 0, '', 411, 'Photo Height', '', 'integer'),
(738, 'big_width', 1, 0, '', 411, 'Big photo width', '', 'integer'),
(739, 'big_height', 1, 0, '', 411, 'Big photo height', '', 'integer'),
(740, 'quality', 1, 0, '', 411, 'Photo quality', '', 'integer'),
(741, 'big_quality', 1, 0, '', 411, 'Big photo quality', '', 'integer'),
(753, 'big_quality', 1, 0, '', 446, 'Big photo quality', '', 'integer'),
(749, 'height', 1, 0, '', 446, 'Photo Height', '', 'integer'),
(748, 'width', 1, 0, '', 446, 'Photo width', '', 'integer'),
(760, 'too_big', 1, 0, '', 411, 'The photo is too big', '', 'string'),
(761, 'partial', 1, 0, '', 411, 'Transfer failed. Try again.', '', 'string'),
(763, 'bad_type', 1, 0, '', 411, 'Incorrect file type. Acceptable file types: JPEG, GIF', '', 'string'),
(764, 'faq', 1, 0, '', 449, 'FAQ', '', 'string'),
(765, 'error_empty_question', 1, 0, '', 449, 'Please enter the question.', '', 'string'),
(766, 'too_big', 1, 0, '', 409, 'The file is too big', '', 'string'),
(767, 'partial', 1, 0, '', 409, 'Transfer failed. Try again.', '', 'string'),
(768, 'unknown', 1, 0, '', 409, 'Unknown error. Check server configuration or contact administrator.', '', 'string'),
(769, 'bad_type', 1, 0, '', 409, 'Incorrect (dangerous) file type.', '', 'string'),
(770, 'too_big', 1, 0, '', 461, 'File is too big', '', 'string'),
(772, 'unknown', 1, 0, '', 461, 'Unknown error. Check server configuration or contact administrator. ', '', 'string'),
(774, 'too_big', 1, 0, '', 435, 'The photo is too big', '', 'string'),
(775, 'partial', 1, 0, '', 435, 'Transfer failed. Try again.', '', 'string'),
(776, 'unknown', 1, 0, '', 435, 'Unknown error. Check server configuration or contact administrator.', '', 'string'),
(777, 'bad_type', 1, 0, '', 435, 'Incorrect file type. Acceptable file types: JPEG, GIF', '', 'string'),
(778, 'too_big', 1, 0, '', 446, 'The photo is too big', '', 'string'),
(779, 'partial', 1, 0, '', 446, 'Transfer failed. Try again.', '', 'string'),
(780, 'unknown', 1, 0, '', 446, 'Unknown error. Check server configuration or contact administrator.', '', 'string'),
(781, 'bad_type', 1, 0, '', 446, 'Incorrect file type. Acceptable file types: JPEG, GIF', '', 'string'),
(783, 'contact_form', 1, 0, '', 463, 'Contact form', '', 'string'),
(784, 'required_fields', 1, 0, '', 463, 'All fields should be filled in.', '', 'string'),
(785, 'html_code', 1, 0, '', 489, 'HTML code', '', 'string'),
(786, 'go_in', 1, 0, '', 352, 'Go in', '', 'string'),
(788, 'next_page', 1, 0, '', 352, 'Next page', '', 'string'),
(789, 'previous_page', 1, 0, '', 352, 'Previous page', '', 'string'),
(866, 'name', 1, 0, '', 493, 'Name', '', 'string'),
(792, 'name', 1, 0, '', 352, 'Name', '', 'string'),
(795, 'search', 1, 0, '', 352, 'Search', '', 'string'),
(796, 'new', 1, 0, '', 352, 'New record', '', 'string'),
(798, 'delete', 1, 0, '', 352, 'Delete', '', 'string'),
(799, 'edit', 1, 0, '', 352, 'Edit', '', 'string'),
(800, 'record_count_on_one_page', 1, 0, '', 352, 'Rows in page', '', 'string'),
(801, 'save', 1, 0, '', 352, 'Save', '', 'string'),
(802, 'key', 1, 0, '', 357, 'Key', '', 'string'),
(803, 'name', 1, 0, '', 357, 'Name', '', 'string'),
(804, 'type', 1, 0, '', 357, 'Value', '', 'string'),
(805, 'regexpression', 1, 0, '', 357, 'Regexpression', '', 'string'),
(806, 'sort_field', 1, 0, '', 352, 'Sort field', '', 'string'),
(807, 'modules', 1, 0, '', 379, 'Modules', '', 'string'),
(808, 'new_page', 1, 0, '', 478, 'New page', '', 'string'),
(809, 'question_delete', 1, 0, '', 478, 'Are you realy wish to delete?', '', 'string'),
(810, 'enter_title', 1, 0, '', 478, 'Please enter the title', '', 'string'),
(812, 'title', 1, 0, '', 478, 'Title', '', 'string'),
(813, 'new_subpage', 1, 0, '', 478, 'New sub page', '', 'string'),
(816, 'edit', 1, 0, '', 478, 'Edit', '', 'string'),
(815, 'delete', 1, 0, '', 478, 'Delete', '', 'string'),
(1524, 'layout_default', 1, 0, '', 463, 'Layout default', NULL, 'string'),
(819, 'title', 1, 0, '', 457, 'Title', '', 'string'),
(821, 'man_aditional_button_title', 1, 0, '', 384, 'Button title', '', 'string'),
(822, 'man_aditional_page_title', 1, 0, '', 384, 'Page title', '', 'string'),
(823, 'advanced', 1, 0, '', 384, 'Advanced', '', 'string'),
(824, 'title', 1, 0, '', 450, 'Title', '', 'string'),
(825, 'new_photo', 1, 0, '', 411, 'New photo', '', 'string'),
(826, 'upload', 1, 0, '', 435, 'Upload', '', 'string'),
(827, 'text_photo', 1, 0, '', 446, 'Text with photo', '', 'string'),
(828, 'video', 1, 0, '', 461, 'Video', '', 'string'),
(829, 'name', 1, 0, '', 463, 'Name', '', 'string'),
(830, 'email', 1, 0, '', 463, 'Email', '', 'string'),
(831, 'thank_you', 1, 0, '', 463, 'Thank you message', '', 'string'),
(832, 'title', 1, 0, '', 449, 'Title', '', 'string'),
(833, 'text', 1, 0, '', 449, 'Text', '', 'string'),
(834, 'file', 1, 0, '', 409, 'File', '', 'string'),
(835, 'warning_save', 1, 0, '', 384, 'Your changes will not be saved.', '', 'string'),
(836, 'question_delete', 1, 0, '', 352, 'Delete paragraph?', '', 'string'),
(837, 'module', 1, 0, '', 491, 'Module', '', 'string'),
(838, 'time', 1, 0, '', 491, 'Time', '', 'string'),
(839, 'name', 1, 0, '', 491, 'Name', '', 'string'),
(840, 'value_str', 1, 0, '', 491, 'Value string', '', 'string'),
(841, 'value_int', 1, 0, '', 491, 'Value integer', '', 'string'),
(842, 'value_float', 1, 0, '', 491, 'Value float', '', 'string'),
(843, 'man_paragraph_question_delete', 1, 0, '', 384, 'Delete the paragraph?', '', 'string'),
(844, 'cancel', 1, 0, '', 352, 'Cancel', '', 'string'),
(845, 'translation', 1, 0, '', 379, 'Translation', '', 'string'),
(846, 'parameter_string', 1, 0, '', 352, 'String', '', 'string'),
(859, 'error_file_type', 1, 0, '', 352, 'Incorrect file type', '', 'string'),
(849, 'parameter_wysiwyg', 1, 0, '', 352, 'Wysiwyg', '', 'string'),
(850, 'parameter_string_lang', 1, 0, '', 352, 'String languages', '', 'string'),
(851, 'parameter_wysiwyg_lang', 1, 0, '', 352, 'Wysiwyg languages', '', 'string'),
(852, 'parameter_integer', 1, 0, '', 352, 'Integer', '', 'string'),
(860, 'error_number_small', 1, 0, '', 352, 'Smallest allowed number: ', '', 'string'),
(861, 'log_size_in_days', 1, 0, '', 492, 'Log zise in days', 'The number describes how long old logs will be stored', 'integer'),
(862, 'comment', 1, 0, '', 357, 'Comment', '', 'string'),
(863, 'auto_rss', 1, 0, '', 374, 'Add to news feed', '', 'string'),
(865, 'man_aditional_add_rss', 1, 0, '', 384, 'Add to RSS', '', 'string'),
(867, 'key', 1, 0, '', 493, 'Key', '', 'string'),
(868, 'admin', 1, 0, '', 493, 'Admin', '', 'string'),
(869, 'module_groups', 1, 0, '', 493, 'Module groups', '', 'string'),
(870, 'modules', 1, 0, '', 493, 'Modules', '', 'string'),
(871, 'parameter_groups', 1, 0, '', 493, 'Parameter groups', '', 'string'),
(872, 'value', 1, 0, '', 493, 'Value', '', 'string'),
(873, 'comment', 1, 0, '', 493, 'Comment', '', 'string'),
(874, 'parameters', 1, 0, '', 493, 'Parameters', '', 'string'),
(896, 'email_template', 0, 0, '', 456, 'Email template', '"[[content]]" defines where email message will be placed.', 'lang_wysiwyg'),
(877, 'parameter_bool', 1, 0, '', 352, 'Boolean', '', 'string'),
(879, 'size', 1, 0, '', 494, 'Size', 'How mutch record showed in rss', 'integer'),
(880, 'update_speed', 1, 0, '', 494, 'Update speed', 'Eg. 60 - one hour', 'integer'),
(881, 'managed', 1, 0, '', 493, 'Managed', '', 'string'),
(882, 'url', 1, 0, '', 376, 'URL', '', 'string'),
(883, 'code', 1, 0, '', 376, 'Code', '', 'string'),
(980, 'title', 0, 0, '', 494, 'Title', '', 'lang'),
(981, 'description', 0, 0, '', 494, 'Description', '', 'lang'),
(895, 'send_to_main_page', 0, 0, '', 495, 'Send to main page', '', 'bool'),
(887, 'error_mistyped_url', 0, 0, '', 495, 'Error mistyped url', '', 'lang_wysiwyg'),
(888, 'error_broken_link_inside', 0, 0, '', 495, 'Error broken link on my site', '', 'lang_wysiwyg'),
(889, 'error_broken_link_outside', 0, 0, '', 495, 'Error broken link on other website', '', 'lang_wysiwyg'),
(899, 'yes', 1, 0, '', 352, 'Yes', '', 'string'),
(900, 'no', 1, 0, '', 352, 'No', '', 'string'),
(939, 'immediate', 0, 0, '', 502, 'Immediate', '', 'string'),
(938, 'subject', 0, 0, '', 502, 'Subject', '', 'string'),
(903, 'subject', 1, 0, '', 498, 'Subject', '', 'string'),
(904, 'text', 1, 0, '', 498, 'Text', '', 'string'),
(905, 'newsletter', 1, 0, '', 498, 'Newsletter', '', 'string'),
(937, 'from', 0, 0, '', 502, 'From', '', 'string'),
(907, 'send', 1, 0, '', 498, 'Send', '', 'string'),
(909, 'emails_per_hour', 1, 0, '', 499, 'Emails per hour', '', 'integer'),
(910, 'preview', 1, 0, '', 498, 'Preview', '', 'string'),
(911, 'was_sent', 1, 0, '', 498, 'Was sent', '', 'string'),
(912, 'test_email_send', 1, 0, '', 498, 'Test email send', '', 'string'),
(913, 'send_or_not_question', 1, 0, '', 498, 'Send or not question.', '', 'string'),
(1527, 'layout_default', 1, 0, '', 489, 'Layout default', NULL, 'string'),
(915, 'associated_group', 1, 0, '', 374, 'Associated module group', '', 'string'),
(916, 'associated_module', 1, 0, '', 374, 'Associated module', '', 'string'),
(1146, 'associated_zones', 0, 0, '', 500, 'Associated zones ', '', 'textarea'),
(1477, 'auto_rss_zones', 0, 1, '', 500, 'Auto RSS', NULL, 'textarea'),
(1478, 'report_mistyped_urls', 1, 1, '', 495, 'Report mistyped urls', NULL, 'bool'),
(936, 'to', 0, 0, '', 502, 'To', '', 'string'),
(934, 'subject_confirmation', 0, 0, '', 497, 'Subject confirmation', '', 'lang'),
(922, 'text_subscribed', 0, 0, '', 497, 'Text subscribed', '', 'lang_wysiwyg'),
(935, 'text_error_confirmation', 0, 0, '', 497, 'Text error confirmation', '', 'lang_wysiwyg'),
(923, 'text_confirmation', 0, 0, '', 497, 'Text confirmation', '', 'lang_wysiwyg'),
(924, 'text_unsubscribed', 0, 0, '', 497, 'Text unsubscribed', '', 'lang_wysiwyg'),
(925, 'text_error_cant_unsubscribe', 0, 0, '', 497, 'Text error can''t unsubscribe', '', 'lang_wysiwyg'),
(926, 'text_email_confirmation', 0, 0, '', 497, 'Text  email confirmation', '', 'lang_wysiwyg'),
(928, 'newsletter', 0, 0, '', 497, 'Newsletter', '', 'lang'),
(929, 'unsubscribe', 0, 0, '', 497, 'Unsubscribe', '', 'lang'),
(930, 'subscribe', 0, 0, '', 497, 'Subscribe', '', 'lang'),
(931, 'email', 1, 0, '', 501, 'Email', '', 'string'),
(932, 'verified', 1, 0, '', 501, 'Verified', '', 'string'),
(933, 'newsletter_subscribers', 1, 0, '', 501, 'Newsletter subscribers', '', 'string'),
(940, 'send', 0, 0, '', 502, 'Send', '', 'string'),
(941, 'email', 0, 0, '', 502, 'Email', '', 'string'),
(1491, 'rss', 0, 1, '', 597, 'RSS', NULL, 'lang'),
(1149, 'xml_sitemap_associated_zones', 1, 0, '', 522, 'XML sitemap associated zones', '', 'textarea'),
(952, 'delete_confirm', 1, 0, '', 506, 'Delete the logo?', '', 'string'),
(946, 'search', 0, 0, '', 505, 'Search', '', 'lang'),
(948, 'link', 1, 0, '', 506, 'Link', '', 'string'),
(953, 'upload', 1, 0, '', 506, 'Upload', '', 'string'),
(950, 'new_logo', 1, 0, '', 506, 'New logo', '', 'string'),
(957, 'too_big', 1, 0, '', 506, 'The photo is too big.', '', 'string'),
(958, 'partial', 1, 0, '', 506, 'Transfer failed. Try again.', '', 'string'),
(959, 'unknown', 1, 0, '', 506, 'Unknown error.', '', 'string'),
(960, 'bad_type', 1, 0, '', 506, 'Incorrect file', '', 'string'),
(961, 'no_file', 1, 0, '', 411, 'No file', '', 'string'),
(962, 'no_file', 1, 0, '', 506, 'No file', '', 'string'),
(963, 'no_file', 1, 0, '', 435, 'No file', '', 'string'),
(964, 'no_file', 1, 0, '', 446, 'No file', '', 'string'),
(1487, 'unknown', 0, 1, '', 411, 'Unknown', NULL, 'string'),
(966, 'no_file', 1, 0, '', 409, 'No file', '', 'string'),
(967, 'no_file', 1, 0, '', 461, 'No file', '', 'string'),
(968, 'bad_type', 1, 0, '', 461, 'Bad type', '', 'string'),
(969, 'partial', 1, 0, '', 461, 'Partial', '', 'string'),
(970, 'no_results', 0, 0, '', 505, 'No results', '', 'lang_wysiwyg'),
(971, 'multilingual', 1, 0, '', 509, 'Multilingual site', '', 'bool'),
(1147, 'combined_zones', 1, 0, '', 504, 'Combined zones', '', 'textarea'),
(973, 'sitemap', 0, 0, '', 511, 'Sitemap', '', 'lang'),
(974, 'include_zone_title', 0, 0, '', 510, 'Include zone title', '', 'bool'),
(975, 'no_search_word', 0, 0, '', 505, 'No search word', '', 'lang_wysiwyg'),
(976, 'show_description', 1, 0, '', 504, 'Show description', '', 'bool'),
(977, 'move_up', 1, 0, '', 352, 'Move up', '', 'string'),
(978, 'move_down', 1, 0, '', 352, 'Move down', '', 'string'),
(979, 'error_page_template', 1, 0, '', 495, 'Error_page_template', '', 'string'),
(982, 'cant_delete_not_empty_language', 1, 0, '', 376, 'Can''t delete not empty language', '', 'string'),
(983, 'are_you_sure_you_wish_to_delete', 1, 0, '', 352, 'Are you sure you wish to delete?', '', 'string'),
(985, 'cant_delete_last_language', 1, 0, '', 376, 'Can''t delete last language', '', 'string'),
(1525, 'layout_default', 1, 0, '', 449, 'Layout default', NULL, 'string'),
(987, 'loading', 0, 0, '', 496, 'Loading', '', 'string'),
(988, 'login_name', 0, 0, '', 496, 'Login name', '', 'string'),
(989, 'login_password', 0, 0, '', 496, 'Login password', '', 'string'),
(990, 'login_login', 0, 0, '', 496, 'Login login', '', 'string'),
(991, 'login_incorrect', 0, 0, '', 496, 'Login incorrect', '', 'string'),
(992, 'login_suspended', 0, 0, '', 496, 'Login suspended', '', 'string'),
(993, 'text_incorrect_email', 0, 0, '', 497, 'Incorrect email', '', 'lang_wysiwyg'),
(1483, 'core', 0, 1, '', 493, 'Core', NULL, 'string'),
(1482, 'new_module_detected', 0, 1, '', 531, 'New module detected', NULL, 'string'),
(1067, 'parameter_textarea', 1, 0, '', 352, 'Parameter textarea', '', 'string'),
(1073, 'parameter_textarea_lang', 0, 0, '', 352, 'Parameter textarea lang', '', 'string'),
(1129, 'import_title', 1, 0, '', 520, 'Import title', '', 'string'),
(1130, 'export_title', 1, 0, '', 520, 'Export title', '', 'string'),
(1131, 'import_button', 1, 0, '', 520, 'Import button', '', 'string'),
(1132, 'export_button', 1, 0, '', 520, 'Export button', '', 'string'),
(1133, 'config_file', 1, 0, '', 520, 'Field fonfiguration file', '', 'string'),
(1134, 'modules', 1, 0, '', 520, 'Field modules', '', 'string'),
(1135, 'types', 1, 0, '', 520, 'Field types', '', 'string'),
(1136, 'language', 1, 0, '', 520, 'Field language', '', 'string'),
(1137, 'import_button_preview', 1, 0, '', 520, 'Import buttonpreview', '', 'string'),
(1138, 'import_title_preview', 1, 0, '', 520, 'Import title preview', '', 'string'),
(1139, 'title', 0, 0, '', 521, 'Title', '', 'string'),
(1140, 'text', 0, 0, '', 521, 'Text', '', 'string'),
(1142, 'associated_zones', 1, 0, '', 510, 'Associated zones', '', 'textarea'),
(1150, 'detect_browser_language', 0, 0, '', 509, 'Detect browser language', '', 'bool'),
(1152, 'parameters', 0, 0, '', 524, 'parameter', '', 'string'),
(1153, 'parameters', 0, 0, '', 525, 'parameter', '', 'string'),
(1155, 'parameters', 0, 0, '', 527, 'parameter', '', 'string'),
(1159, 'error_already_exist', 0, 0, '', 531, 'Error module already exist', '', 'string'),
(1160, 'error_move_module', 0, 0, '', 531, 'Error move module', '', 'string'),
(1161, 'error_required_module', 0, 0, '', 531, 'Error required module', '', 'string'),
(1432, 'hide_new_pages', 1, 0, '', 500, 'Hide new pages by default', '', 'bool'),
(1430, 'closed_site_message', 0, 0, '', 456, 'Site is closed message', '', 'string_wysiwyg'),
(1428, 'closed_site', 0, 0, '', 456, 'Site is closed', '', 'bool'),
(1434, 'cache', 0, 0, '', 590, 'Cache', '', 'string'),
(1435, 'cache_comments', 0, 0, '', 590, 'Cache', '', 'string_wysiwyg'),
(1436, 'cache_clear', 0, 0, '', 590, 'Cache clear', '', 'string'),
(1437, 'cache_cleared', 0, 0, '', 590, 'Cache cleared', '', 'string_wysiwyg'),
(1438, 'permissions', 1, 0, '', 371, 'Permissions', '', 'string'),
(1439, 'error_incorrect_name', 0, 0, '', 493, 'Error incorrect name', '', 'string'),
(1444, 'continue', 0, 0, '', 520, 'Continue', '', 'string'),
(1445, 'parameters_imported', 0, 0, '', 520, 'Parameters imported', '', 'string'),
(1446, 'error_email', 0, 0, '', 501, 'Error email', '', 'string'),
(1481, 'use_fake_cron', 0, 1, '', 522, 'Use fake cron', NULL, 'bool'),
(1450, 'searchable_zones', 1, 1, '', 504, 'Searchable zones', NULL, 'textarea'),
(1451, 'page_properties', 1, 1, '', 478, 'Page properties', NULL, 'string'),
(1452, 'page_title', 1, 2, '', 478, 'Page title', NULL, 'string'),
(1453, 'button_title', 1, 3, '', 478, 'Button title', NULL, 'string'),
(1454, 'keywords', 1, 4, '', 478, 'Keywords', NULL, 'string'),
(1455, 'description', 1, 5, '', 478, 'Description', NULL, 'string'),
(1456, 'rss', 1, 6, '', 478, 'Rss', NULL, 'string'),
(1457, 'url', 1, 7, '', 478, 'Url (if empty, will be filled in automatically)', NULL, 'string'),
(1458, 'redirect_to_subpage', 1, 8, '', 478, 'Redirect to sub-page', NULL, 'string'),
(1459, 'redirect_to_external_page', 1, 9, '', 478, 'Redirect to external page (don''t forget to include http://)', NULL, 'string'),
(1460, 'visible', 1, 10, '', 478, 'Visible', NULL, 'string'),
(1461, 'type', 1, 11, '', 478, 'Type', NULL, 'string'),
(1468, 'error_date_format', 0, 16, '', 478, 'Error date format', NULL, 'string'),
(1462, 'no_redirect', 1, 12, '', 478, 'No redirect', NULL, 'string'),
(1463, 'inactive', 1, 13, '', 478, 'Inactive', NULL, 'string'),
(1467, 'last_modified', 1, 15, '', 478, 'Last modified', NULL, 'string'),
(1466, 'created_on', 1, 14, '', 478, 'Created on', NULL, 'string'),
(1469, 'man_aditional_type', 0, 1, '', 384, 'Type', NULL, 'string'),
(1470, 'man_aditional_no_redirect', 0, 2, '', 384, 'No redirect', NULL, 'string'),
(1471, 'man_aditional_inactive', 0, 3, '', 384, 'Inactive', NULL, 'string'),
(1472, 'man_aditional_subpage', 0, 4, '', 384, 'Redirect to sub-page', NULL, 'string'),
(1473, 'man_aditional_redirect', 0, 5, '', 384, 'Redirect to external page', NULL, 'string'),
(1474, 'man_aditional_visible', 0, 6, '', 384, 'Visible', NULL, 'string'),
(1475, 'man_aditional_created_on', 0, 7, '', 384, 'Created on', NULL, 'string'),
(1476, 'man_aditional_error_date_format', 0, 8, '', 384, 'Error date format', NULL, 'string'),
(1479, 'report_broken_outside_link', 1, 2, '', 495, 'Report broken outside link', NULL, 'bool'),
(1480, 'report_broken_inside_link', 1, 3, '', 495, 'Report broken inside link', NULL, 'bool'),
(1485, 'preview', 1, 1, '', 502, 'Preview', NULL, 'string'),
(1486, 'attachments', 0, 2, '', 502, 'Attachments', NULL, 'string'),
(1488, 'email', 0, 1, '', 456, 'Site email', NULL, 'lang'),
(1489, 'name', 0, 2, '', 456, 'Site name', NULL, 'lang'),
(1490, 'show_unsubscribtion_button', 0, 1, '', 596, 'Show unsubscribtion button', NULL, 'bool'),
(1492, 'error_registered', 1, 1, '', 501, 'Error registered', NULL, 'string'),
(1493, 'error_type_url_empty', 1, 17, '', 478, 'Error type url empty', NULL, 'string'),
(1494, 'administrator_interface_language', 1, 0, '', 522, 'Backend language', NULL, 'string'),
(1495, 'version', 1, 0, '', 493, 'Version', NULL, 'string'),
(1496, 'passwords_do_not_match', 1, 0, '', 352, 'Passwords do not match', NULL, 'string'),
(1497, 'incorrect_date_format', 1, 0, '', 352, 'Incorrect date format', NULL, 'string'),
(1498, 'cant_insert', 1, 0, '', 352, 'Can''t insert', NULL, 'string'),
(1499, 'cant_update', 1, 0, '', 352, 'Can''t update', NULL, 'string'),
(1500, 'error_incorrect_ini_file', 1, 0, '', 531, 'Error: incorrect ini file ', NULL, 'string'),
(1501, 'error_update_required', 1, 0, '', 531, 'Error: update required', NULL, 'string'),
(1502, 'error_ini_file_doesnt_exist', 1, 0, '', 531, 'Error: ini file does not exist', NULL, 'string'),
(1503, 'error_cant_delete_core_module', 1, 0, '', 598, 'Error: can''t delete core module', NULL, 'string'),
(1504, 'error_delete_required_module', 1, 0, '', 598, 'Error: delete required module', NULL, 'string'),
(1505, 'widget_title', 1, 0, '', 599, 'Widget title', NULL, 'string'),
(1506, 'widget_title', 1, 0, '', 600, 'Widget title', NULL, 'string'),
(1507, 'widget_title', 1, 0, '', 409, 'Widget title', NULL, 'string'),
(1508, 'widget_title', 1, 0, '', 411, 'Widget title', NULL, 'string'),
(1509, 'widget_title', 1, 0, '', 435, 'Widget title', NULL, 'string'),
(1510, 'widget_title', 1, 0, '', 436, 'Widget title', NULL, 'string'),
(1511, 'widget_title', 1, 0, '', 446, 'Widget title', NULL, 'string'),
(1512, 'widget_title', 1, 0, '', 449, 'Widget title', NULL, 'string'),
(1513, 'widget_title', 1, 0, '', 450, 'Widget title', NULL, 'string'),
(1514, 'widget_title', 1, 0, '', 461, 'Widget title', NULL, 'string'),
(1515, 'widget_title', 1, 0, '', 463, 'Widget title', NULL, 'string'),
(1516, 'widget_title', 1, 0, '', 489, 'Widget title', NULL, 'string'),
(1517, 'widget_title', 1, 0, '', 506, 'Widget title', NULL, 'string'),
(1518, 'widget_title', 1, 0, '', 521, 'Widget title', NULL, 'string'),
(1519, 'administrator_interface', 1, 0, '', 601, 'Administrator interface', NULL, 'string'),
(1520, 'export_language_file', 1, 0, '', 601, 'Export language file', NULL, 'string'),
(1521, 'import_language_file', 1, 0, '', 601, 'Import language file', NULL, 'string'),
(1522, 'preview', 1, 0, '', 601, 'Preview', NULL, 'string'),
(1523, 'public_interface', 1, 0, '', 601, 'Public interface', NULL, 'string'),
(1532, 'layout_line', 1, 0, '', 599, 'Layout line', NULL, 'string'),
(1533, 'layout_space', 1, 0, '', 599, 'Layout space', NULL, 'string'),
(1534, 'layout_default', 1, 0, '', 436, 'Layout default', NULL, 'string'),
(1535, 'layout_left', 1, 0, '', 446, 'Layout left', NULL, 'string'),
(1536, 'layout_right', 1, 0, '', 446, 'Layout right', NULL, 'string'),
(1537, 'layout_small_left', 1, 0, '', 446, 'Layout small left', NULL, 'string'),
(1538, 'layout_small_right', 1, 0, '', 446, 'Layout small right', NULL, 'string'),
(1539, 'layout_default', 1, 0, '', 450, 'Layout default', NULL, 'string'),
(1540, 'layout_default', 1, 0, '', 521, 'Layout default', NULL, 'string'),
(1541, 'layout_default', 1, 0, '', 461, 'Layout default', NULL, 'string'),
(1542, 'email_queue', 1, 0, '', 502, 'Email queue', NULL, 'string'),
(1543, 'updated_module_detected', 1, 0, '', 531, 'Updated module detected', NULL, 'string'),
(1544, 'install', 1, 0, '', 531, 'Install', NULL, 'string'),
(1545, 'update', 1, 0, '', 531, 'Update', NULL, 'string'),
(1546, 'save', 1, 0, '', 478, 'Save', NULL, 'string'),
(1547, 'where_to_send', 1, 0, '', 498, 'Where to send?', NULL, 'string');


-- Dumping data for table--

INSERT INTO `ip_cms_parameter_group` (`id`, `name`, `module_id`, `admin`, `row_number`, `translation`) VALUES
(352, 'admin_translations', 323, 1, 0, 'Admin translations'),
(357, 'translations', 325, 1, 0, 'Translations'),
(371, 'admin_translations', 326, 1, 0, 'Admin translations'),
(374, 'admin_translations', 328, 1, 0, 'Admin translations'),
(376, 'admin_translations', 329, 1, 0, 'Admin translations'),
(379, 'admin_translations', 330, 1, 0, 'Admin translations'),
(384, 'admin_translations', 327, 1, 0, 'Admin translations'),
(409, 'widget_file', 327, 1, 0, 'Widget: File'),
(411, 'widget_photo', 327, 1, 0, 'Widget: Photo'),
(435, 'widget_photo_gallery', 327, 1, 0, 'Widget: Photo gallery'),
(436, 'widget_text', 327, 1, 0, 'Widget: Text'),
(446, 'widget_text_photo', 327, 1, 0, 'Widget: Text with photo'),
(449, 'widget_faq', 327, 1, 0, 'Widget: FAQ'),
(450, 'widget_title', 327, 1, 0, 'Widget: Title'),
(456, 'main_parameters', 332, 0, 0, 'Main parameters'),
(457, 'admin_translations', 333, 1, 0, 'Admin translations'),
(461, 'widget_video', 327, 1, 0, 'Widget: Video'),
(496, 'system_translations', 332, 1, 0, 'System translations'),
(463, 'widget_contact_form', 327, 1, 0, 'Widget: Contact form'),
(466, 'parameters', 323, 1, 0, 'Parameters'),
(478, 'admin_translations', 347, 1, 0, 'Admin translations'),
(489, 'widget_html_code', 327, 1, 0, 'Widget: HTML code'),
(491, 'admin_translations', 348, 1, 0, 'Admin translations'),
(492, 'parameters', 348, 1, 0, 'Parameters'),
(493, 'admin_translations', 352, 1, 0, 'Admin translations'),
(494, 'options', 351, 0, 0, 'Options'),
(495, 'error_404', 332, 0, 0, 'Error 404'),
(497, 'subscription_translations', 354, 0, 0, 'Translations'),
(498, 'admin_translations', 354, 1, 0, 'Admin translations'),
(499, 'options', 353, 1, 0, 'Options'),
(500, 'options', 347, 1, 0, 'Options'),
(501, 'admin_translations', 355, 1, 0, 'Admin translations'),
(502, 'admin_translations', 353, 1, 0, 'Admin translations'),
(503, 'translations', 332, 0, 0, 'Translations'),
(504, 'options', 356, 1, 0, 'Options'),
(505, 'translations', 356, 0, 0, 'Translations'),
(506, 'widget_logo_gallery', 327, 1, 0, 'Widget: Logo gallery'),
(509, 'options', 329, 1, 0, 'Options'),
(510, 'options', 358, 1, 0, 'Options'),
(511, 'translations', 358, 0, 0, 'Translations'),
(520, 'admin_translations', 361, 1, 0, 'Admin translations'),
(521, 'widget_text_title', 327, 1, 0, 'Widget: Title/Text'),
(522, 'advanced_options', 332, 1, 0, 'Advanced options'),
(531, 'admin_translations_install', 349, 1, 0, 'Admin translations - install'),
(590, 'admin_translations', 424, 1, 0, 'Admin translations'),
(597, 'translations', 351, 0, 1, 'Translations'),
(596, 'options', 354, 0, 1, 'Options'),
(598, 'admin_translations', 349, 1, 0, 'Admin translations'),
(599, 'widget_separator', 327, 1, 0, 'Widget: Separator'),
(600, 'widget_rich_text', 327, 1, 0, 'Widget: Rich text'),
(601, 'admin_translations', 436, 1, 0, 'Admin translations');

-- Dumping data for table--

INSERT INTO `ip_cms_par_bool` (`id`, `value`, `parameter_id`) VALUES
(404, 0, 976),
(405, 1, 974),
(406, 1, 971),
(407, 0, 895),
(408, 1, 878),
(411, 1, 1054),
(426, 1, 1481),
(418, 0, 1150),
(419, 0, 1428),
(420, 0, 1432),
(423, 0, 1478),
(424, 1, 1479),
(425, 1, 1480),
(427, 0, 1490);

-- Dumping data for table--

INSERT INTO `ip_cms_par_integer` (`id`, `value`, `parameter_id`) VALUES
(364, 665, 736),
(365, 450, 737),
(366, 700, 738),
(367, 450, 739),
(368, 100, 740),
(369, 100, 741),
(380, 100, 752),
(379, 900, 751),
(378, 500, 750),
(381, 100, 753),
(377, 400, 749),
(376, 200, 748),
(382, 152, 754),
(383, 150, 755),
(384, 600, 756),
(385, 400, 757),
(386, 100, 758),
(387, 100, 759),
(389, 30, 861),
(390, 1, 347),
(391, 10, 879),
(392, 180, 880),
(393, 1, 347),
(396, 0, 347),
(397, 700, 909),
(399, 150, 955),
(400, 150, 956),
(401, 1, 347),
(402, 1, 347),
(403, 1, 347);

-- Dumping data for table--

INSERT INTO `ip_cms_par_lang` (`id`, `translation`, `language_id`, `parameter_id`) VALUES
(4372, 'Newsletter', 384, 928),
(4390, 'Unsubscribe', 384, 929),
(4376, 'Subscribe', 384, 930),
(4374, 'Newsletter email confirmation ', 384, 934),
(3741, 'ImpressPages RSS', 344, 980),
(3735, '', 344, 981),
(3613, 'Copyright [dates] by [author/owner]', 344, 942),
(4502, 'Search', 384, 946),
(4504, 'Sitemap', 384, 973),
(4668, 'RSS news', 384, 1491),
(3837, '<p>Sorry, but the page you were trying to get to does not exist.</p>\r\n<p>It looks like this was the result of either</p>\r\n<ul>\r\n<li>a mistyped address</li>\r\n<li>or an out-of-date bookmark in your web browser.</li>\r\n</ul>', 344, 887),
(3838, '<p>Sorry, but the page you were trying to get to, does not exist.</p>', 344, 888),
(3839, '<p>Sorry, but the page you were trying to get to, does not exist. Apparently, there is a broken link on the page you just came from. We have been notified and will attempt to contact the owner of that page and let them know about it.</p>', 344, 889),
(4386, '<p>You have successfully subscribed to our newsletter.</p>', 384, 922),
(4388, '<p>Your email address has been removed from our database.</p>', 384, 924),
(4382, '<p>Specified email address does not exist in database.</p>', 384, 925),
(4380, '<p>Thank you for your registration.</p>\r\n<p>The confirmation e-mail has been sent to your email address. Please confirm the registration by clicking on the link in the email.</p>', 384, 923),
(4378, '<p><strong>Thank you for subscribing to our newsletter!</strong></p>\r\n<p>To complete your registration, you need to confirm that you have received this email by clicking on the link below:</p>\r\n<p>[[link]]</p>\r\n<p>If the link does not work, just copy and paste the entire link into your browser.</p>', 384, 926),
(4384, '<p>Incorrect confirmation link.</p>', 384, 935),
(4498, '<p>No pages containing your search term were found.</p>', 384, 970),
(4500, '<p>Please enter at least one search keyword.</p>', 384, 975),
(4370, '<p>Incorrect e-mail address</p>', 384, 993),
(4664, '<table border="0" width="100%">\r\n<tbody>\r\n<tr>\r\n<td style="padding: 20px 0;" bgcolor="#edf0f2">\r\n<table border="0" cellspacing="0" cellpadding="0" width="590" align="center">\r\n<tbody>\r\n<tr>\r\n<td style="border: 1px solid #d1d2d2; padding: 15px 30px; font-size: 14px; width: 530px; color: #8b8a8a; line-height: 19px; font-family: Arial,Verdana,Tahoma; background-color: white;">\r\n<h1 style="font-family: Trebuchet MS, Verdana, Tahoma; font-size: 28px; color: #00a8da;">Hi,</h1>\r\n<p>[[content]]</p>\r\n<p style="border-top: 1px dotted #7db113; height: 1px; font-size: 1px;">&nbsp;</p>\r\n<p>[[site_name]]<br />[[site_email]]</p>\r\n<p>[[unsubscribe]]</p>\r\n</td>\r\n</tr>\r\n</tbody>\r\n</table>\r\n<table border="0" cellspacing="0" cellpadding="0" width="590" align="center">\r\n<tbody>\r\n<tr>\r\n<td>\r\n<div style="padding-top: 7px;"><a href="http://www.impresspages.org"><img style="float: left; border: 0;" src="image/repository/impress-pages.gif" alt="" /></a></div>\r\n</td>\r\n<td style="text-align: right;">\r\n<div style="font-family: Verdana, Tahoma, Arial; font-size: 10px; color: #6d6b70; padding-top: 7px;">Powered by <a style="text-decoration: underline; font-family: Verdana, Tahoma, Arial; font-size: 10px; color: #6d6b70;" href="http://www.impresspages.org">ImpressPages CMS</a></div>\r\n</td>\r\n</tr>\r\n</tbody>\r\n</table>\r\n</td>\r\n</tr>\r\n</tbody>\r\n</table>', 384, 896),
(4663, '<table border="0" width="100%">\r\n<tbody>\r\n<tr>\r\n<td style="padding: 20px 0;" bgcolor="#edf0f2">\r\n<table border="0" cellspacing="0" cellpadding="0" width="590" align="center">\r\n<tbody>\r\n<tr>\r\n<td style="border: 1px solid #d1d2d2; padding: 15px 30px; font-size: 14px; width: 530px; color: #8b8a8a; line-height: 19px; font-family: Arial,Verdana,Tahoma; background-color: white;">\r\n<h1 style="font-family: Trebuchet MS, Verdana, Tahoma; font-size: 28px; color: #00a8da;">Hi,</h1>\r\n<p>[[content]]</p>\r\n<p style="border-top: 1px dotted #7db113; height: 1px; font-size: 1px;">&nbsp;</p>\r\n<p>[[site_name]]<br />[[site_email]]</p>\r\n<p>[[unsubscribe]]</p>\r\n</td>\r\n</tr>\r\n</tbody>\r\n</table>\r\n<table border="0" cellspacing="0" cellpadding="0" width="590" align="center">\r\n<tbody>\r\n<tr>\r\n<td>\r\n<div style="padding-top: 7px;"><a href="http://www.impresspages.org"><img style="float: left; border: 0;" src="image/repository/impress-pages.gif" alt="" /></a></div>\r\n</td>\r\n<td style="text-align: right;">\r\n<div style="font-family: Verdana, Tahoma, Arial; font-size: 10px; color: #6d6b70; padding-top: 7px;">Powered by <a style="text-decoration: underline; font-family: Verdana, Tahoma, Arial; font-size: 10px; color: #6d6b70;" href="http://www.impresspages.org">ImpressPages CMS</a></div>\r\n</td>\r\n</tr>\r\n</tbody>\r\n</table>\r\n</td>\r\n</tr>\r\n</tbody>\r\n</table>', 344, 896),
(4369, '<p>Incorrect e-mail address</p>', 344, 993),
(4209, '<p>Sorry, but the page you were trying to get to, does not exist.</p>', 384, 888),
(4210, '<p>Sorry, but the page you were trying to get to, does not exist. Apparently, there is a broken link on the page you just came from. We have been notified and will attempt to contact the owner of that page and let them know about it.</p>', 384, 889),
(4385, '<p>You have successfully subscribed to our newsletter.</p>', 344, 922),
(4387, '<p>Your email address has been removed from our database.</p>', 344, 924),
(4381, '<p>Specified email address does not exist in database.</p>', 344, 925),
(4379, '<p>Thank you for your registration.</p>\r\n<p>The confirmation e-mail has been sent to your email address. Please confirm the registration by clicking on the link in the email.</p>', 344, 923),
(4377, '<p><strong>Thank you for subscribing to our newsletter!</strong></p>\r\n<p>To complete your registration, you need to confirm that you have received this email by clicking on the link below:</p>\r\n<p>[[link]]</p>\r\n<p>If the link does not work, just copy and paste the entire link into your browser.</p>', 344, 926),
(4383, '<p>Incorrect confirmation link.</p>', 344, 935),
(4497, '<p>No pages containing your search term were found.</p>', 344, 970),
(4499, '<p>Please enter at least one search keyword.</p>', 344, 975),
(4208, '<p>Sorry, but the page you were trying to get to does not exist.</p>\r\n<p>It looks like this was the result of either</p>\r\n<ul>\r\n<li>a mistyped address</li>\r\n<li>or an out-of-date bookmark in your web browser.</li>\r\n</ul>', 384, 887),
(4503, 'Sitemap', 344, 973),
(4186, 'Copyright [dates] by [author/owner]', 384, 942),
(4501, 'Search', 344, 946),
(4185, '', 384, 981),
(4184, 'ImpressPages RSS', 384, 980),
(4373, 'Newsletter email confirmation ', 344, 934),
(4375, 'Subscribe', 344, 930),
(4371, 'Newsletter', 344, 928),
(4389, 'Unsubscribe', 344, 929),
(4659, '[[[[site_email]]]]', 344, 1488),
(4660, '[[[[site_email]]]]', 384, 1488),
(4661, '[[[[site_name]]]]', 344, 1489),
(4662, '[[[[site_name]]]]', 384, 1489),
(4667, 'RSS news', 344, 1491);

-- Dumping data for table--

INSERT INTO `ip_cms_par_string` (`id`, `value`, `parameter_id`) VALUES
(739, 'The photo is too big', 957),
(738, 'Upload', 953),
(736, 'Logo gallery', 951),
(363, '/^[0-9]+(\\.[0-9]+)?$/', 703),
(757, 'Are you sure you wish to delete?', 983),
(758, 'Unpossible to delete the record', 984),
(759, 'There should be at least one language.', 985),
(487, 'Name', 371),
(488, 'Password', 372),
(489, 'Module', 373),
(490, 'Name', 374),
(491, 'Key', 375),
(492, 'Short', 376),
(493, 'Long', 377),
(494, 'Visible', 378),
(495, 'Name', 379),
(496, 'Key', 380),
(497, 'Value', 381),
(498, 'Regexpression', 382),
(499, 'Administrative', 383),
(500, 'Down', 399),
(501, 'Save', 391),
(1120, 'Default', 1526),
(503, 'Hide', 394),
(504, 'Show', 395),
(505, 'Up', 396),
(506, 'Delete', 397),
(507, 'Edit', 398),
(508, 'Aditional info', 403),
(509, 'Confirm', 404),
(510, 'Cancel', 405),
(511, 'Title', 407),
(512, 'New file', 408),
(513, 'Current file', 409),
(514, 'Photo', 411),
(515, 'Title', 412),
(516, 'Current photo', 414),
(517, 'Title', 422),
(518, 'Photo gallery', 423),
(519, 'New photo', 424),
(520, 'Delete the photo?', 435),
(521, 'Text', 436),
(522, 'Title', 438),
(523, 'Upload photo', 439),
(524, 'Current photo', 440),
(525, 'Preview', 486),
(526, 'Keywords', 453),
(527, 'Description', 454),
(528, 'URL', 455),
(1121, 'Default', 1527),
(531, 'URL', 465),
(532, 'Keywords', 467),
(533, 'Description', 468),
(534, 'List', 472),
(535, 'Languages', 474),
(536, 'Administrators', 475),
(537, 'Allowed modules', 476),
(538, 'Module groups', 477),
(539, 'modules', 478),
(540, 'Parameter groups', 479),
(541, 'Parameters', 480),
(542, 'Zones', 481),
(543, 'Content module groups', 482),
(544, 'Parameter groups', 484),
(545, 'Parameters', 485),
(546, 'Title', 488),
(547, 'Upload video', 489),
(548, 'Save', 490),
(549, 'Type', 498),
(550, 'Text row', 499),
(551, 'Text field', 500),
(552, 'File', 501),
(553, 'New field', 502),
(554, 'Required', 504),
(1123, 'Default', 1529),
(556, 'Template', 519),
(1127, 'Space', 1533),
(558, 'Admin', 522),
(559, 'Send to', 525),
(560, 'Email subject', 526),
(561, 'Button caption', 529),
(562, 'Required field', 530),
(563, 'File upload error', 531),
(564, '/^[0-9]+$/', 559),
(565, 'Incorrect year format', 561),
(566, 'Incorrect email', 563),
(567, '/^http\\:\\/\\// ', 584),
(568, 'Link should begin with http://', 591),
(573, 'Untitled', 727),
(1126, 'Line', 1532),
(1125, 'Default', 1531),
(1124, 'Default', 1530),
(578, 'Page properties', 731),
(579, 'Number required', 732),
(580, 'Biggest allowed number: ', 734),
(581, 'The photo is too big', 760),
(582, 'Transfer failed. Try again.', 761),
(583, 'Incorrect file type. Acceptable file types: JPEG, GIF', 763),
(584, 'FAQ', 764),
(585, 'Please enter the question.', 765),
(586, 'The file is too big', 766),
(587, 'Transfer failed. Try again.', 767),
(588, 'Unknown error. Check server configuration or contact administrator.', 768),
(589, 'Incorrect (dangerous) file type.', 769),
(590, 'File is too big', 770),
(591, 'Unknown error. Check server configuration or contact administrator. ', 772),
(592, 'The photo is too big', 774),
(593, 'Transfer failed. Try again.', 775),
(594, 'Unknown error. Check server configuration or contact administrator.', 776),
(595, 'Incorrect file type. Acceptable file types: JPEG, GIF', 777),
(596, 'The photo is too big', 778),
(597, 'Transfer failed. Try again.', 779),
(598, 'Unknown error. Check server configuration or contact administrator.', 780),
(599, 'Incorrect file type. Acceptable file types: JPEG, GIF', 781),
(600, 'Contact form', 783),
(601, 'All fields should be filled in.', 784),
(602, 'HTML code', 785),
(603, 'Go in', 786),
(604, 'Next page', 788),
(605, 'Previous page', 789),
(675, 'Add to RSS', 865),
(608, 'Name', 792),
(610, 'Search', 795),
(611, 'New record', 796),
(612, 'Delete', 798),
(613, 'Edit', 799),
(614, 'Rows in page', 800),
(615, 'Save', 801),
(616, 'Key', 802),
(617, 'Name', 803),
(618, 'Value', 804),
(619, 'Regexpression', 805),
(620, 'Sort', 806),
(621, 'Modules', 807),
(622, 'New page', 808),
(623, 'Are you realy wish to delete?', 809),
(624, 'Please enter the title', 810),
(625, 'Title', 812),
(626, 'New sub page', 813),
(628, 'Delete', 815),
(629, 'Edit', 816),
(1118, 'Default', 1524),
(632, 'Title', 819),
(697, '#^[a-z0-9.!\\#$%&\\''*+-/=?^_`{|}~]+@([0-9.]+|([^\\s]+\\.+[a-z]{2,6}))$#si', 898),
(634, 'Button title', 821),
(635, 'Page title', 822),
(636, 'Advanced', 823),
(637, 'Title', 824),
(638, 'New photo', 825),
(639, 'Upload', 826),
(640, 'Text with photo', 827),
(641, 'Video', 828),
(642, 'Name', 829),
(643, 'Email', 830),
(644, 'Thank you message', 831),
(645, 'Title', 832),
(646, 'Text', 833),
(647, 'File', 834),
(648, 'Your changes will not be saved.', 835),
(649, 'Delete paragraph?', 836),
(650, 'Module', 837),
(651, 'Time', 838),
(652, 'Name', 839),
(653, 'Value string', 840),
(654, 'Value integer', 841),
(655, 'Value float', 842),
(656, 'Delete the paragraph?', 843),
(657, 'Cancel', 844),
(658, 'Translation', 845),
(659, 'String', 846),
(670, 'Incorrect file type', 859),
(661, 'Wysiwyg', 849),
(662, 'String languages', 850),
(663, 'Wysiwyg languages', 851),
(664, 'Integer', 852),
(671, 'Smallest allowed number: ', 860),
(672, 'Comment', 862),
(673, 'Automaticaly add new pages to news feed', 863),
(676, 'Name', 866),
(677, 'Key', 867),
(678, 'Admin', 868),
(679, 'Module groups', 869),
(680, 'Modules', 870),
(681, 'Parameters groups', 871),
(682, 'Value', 872),
(683, 'Comment', 873),
(684, 'Parameters', 874),
(696, 'Logout', 897),
(755, 'main.php', 979),
(687, 'Boolean', 877),
(688, 'Managed', 881),
(689, 'URL', 882),
(690, 'RFC 4646 code', 883),
(756, 'Please delete all pages in this language and then try again.', 982),
(698, 'Yes', 899),
(699, 'No', 900),
(729, 'Email', 941),
(702, 'Email subject', 903),
(703, 'Text', 904),
(704, 'Newsletter', 905),
(728, 'Send on', 940),
(706, 'Send', 907),
(708, 'Preview', 910),
(709, 'Newsletter was sent successfully', 911),
(710, 'Test email was successfully sent', 912),
(711, 'Send newsletter?', 913),
(1122, 'Default', 1528),
(713, 'Associated module group', 915),
(714, 'Associated module', 916),
(853, 'left\ntop', 1146),
(1079, '', 1477),
(727, 'Immediate', 939),
(726, 'Subject', 938),
(725, 'From', 937),
(724, 'To', 936),
(721, 'Email', 931),
(722, 'Verified', 932),
(723, 'Newsletter subscribers', 933),
(737, 'Delete the logo?', 952),
(733, 'Link', 948),
(735, 'New logo', 950),
(740, 'Transfer failed. Try again.', 958),
(741, 'Unknown error. Check server configuration or contact administrator.', 959),
(742, 'Incorrect file type. Acceptable file types: JPEG, GIF', 960),
(743, 'Please select the file', 961),
(744, 'Please select the file', 962),
(745, 'Please select the file', 963),
(746, 'Please select the file', 964),
(1085, 'Unkown error. Please contact administrator.', 1487),
(748, 'Please select the file', 966),
(749, 'Please select the file', 967),
(750, 'Incorrect file type. Acceptable file type: FLV', 968),
(751, 'Transfer failed. Try again. ', 969),
(854, 'left\ntop', 1147),
(753, 'Move up', 977),
(754, 'Move down', 978),
(1119, 'Default', 1525),
(761, 'Loading ...', 987),
(762, 'Name', 988),
(763, 'Password', 989),
(764, 'Login', 990),
(765, 'Incorrect name or password', 991),
(766, 'Your login suspended for one hour.', 992),
(1086, 'This email already registered', 1492),
(1081, 'Core', 1483),
(1080, 'New module detected ', 1482),
(797, 'Textarea', 1067),
(800, 'Textarea languages', 1073),
(837, 'Import configuration file', 1129),
(838, 'Export configuration to file', 1130),
(839, 'Preview', 1131),
(840, 'Export', 1132),
(841, 'Configuration file', 1133),
(842, 'Modules to export', 1134),
(843, 'Parameter types to export', 1135),
(844, 'Language', 1136),
(845, 'Import these parameters', 1137),
(846, 'Config preview', 1138),
(848, 'Text', 1140),
(847, 'Title', 1139),
(849, 'top\nleft', 1142),
(856, 'search\nrss\ntop\nleft\nsitemap\nnewsletter', 1149),
(857, 'parameter', 1152),
(858, 'parameter', 1153),
(860, 'parameter', 1155),
(864, 'This module already exist', 1159),
(865, 'Incorrect folder. This module should be moved to: ', 1160),
(866, 'This module requires another module to be installed first: ', 1161),
(1037, '<p>The website is closed for maintenance.</p>', 1430),
(1039, 'Cache', 1434),
(1040, '<p>Some modules use cache. If you move your site to another location (domain, folder, etc.), you need to clear cache.</p>', 1435),
(1041, 'Clear cache', 1436),
(1042, '<p>Cache was cleared.</p>', 1437),
(1043, 'Permissions', 1438),
(1044, 'Key must contain only letters (a-z), numbers (0-9), dash ("-") and underscore ("_")', 1439),
(1047, 'Continue', 1444),
(1048, 'Configuration parameters successfully installed.', 1445),
(1049, 'Incorrect email address', 1446),
(1052, 'top\nleft', 1450),
(1053, 'Page properties', 1451),
(1054, 'Meta title', 1452),
(1055, 'Button title', 1453),
(1056, 'Meta keywords', 1454),
(1057, 'Meta description', 1455),
(1058, 'RSS', 1456),
(1059, 'URL', 1457),
(1060, 'Redirect to first sub-page', 1458),
(1061, 'Redirect to external page', 1459),
(1062, 'Visible', 1460),
(1063, 'Type', 1461),
(1064, 'Display page content', 1462),
(1065, 'Inactive (without link on it)', 1463),
(1068, 'Created on', 1466),
(1069, 'Last modified', 1467),
(1070, 'Incorrect date format. Example:  ', 1468),
(1071, 'Type', 1469),
(1072, 'Display page content', 1470),
(1073, 'Inactive (without link on it)', 1471),
(1074, 'Redirect to first sub-page', 1472),
(1075, 'Redirect to external page', 1473),
(1076, 'Visible', 1474),
(1077, 'Created on', 1475),
(1078, 'Incorrect date format. Example: ', 1476),
(1083, 'Preview', 1485),
(1084, 'Attachments', 1486),
(1087, 'External url can''t be empty', 1493),
(1088, 'en', 1494),
(1089, 'Version', 1495),
(1090, 'Passwords do not match', 1496),
(1091, 'Incorrect date format', 1497),
(1092, 'Impossible to insert the record', 1498),
(1093, 'Impossible to update the record', 1499),
(1094, 'Incorrect plugin.ini file: ', 1500),
(1095, 'This module requires another module to be updated: ', 1501),
(1096, 'Ini file does not exist: ', 1502),
(1097, 'Can''t delete core module: ', 1503),
(1098, 'This module is used by another module: ', 1504),
(1099, 'Separator', 1505),
(1100, 'Rich text', 1506),
(1101, 'File', 1507),
(1102, 'Photo', 1508),
(1103, 'Photo gallery', 1509),
(1104, 'Text', 1510),
(1105, 'Text/photo', 1511),
(1106, 'FAQ', 1512),
(1107, 'Title', 1513),
(1108, 'Video', 1514),
(1109, 'Contact form', 1515),
(1110, 'HTML code', 1516),
(1111, 'Logo gallery', 1517),
(1112, 'Text/title', 1518),
(1113, 'Administrator interface', 1519),
(1114, 'Export language file', 1520),
(1115, 'Import language file', 1521),
(1116, 'Preview', 1522),
(1117, 'Public interface', 1523),
(1128, 'Default', 1534),
(1129, 'Left', 1535),
(1130, 'Right', 1536),
(1131, 'Small left', 1537),
(1132, 'Small right', 1538),
(1133, 'Default', 1539),
(1134, 'Default', 1540),
(1135, 'Default', 1541),
(1136, 'Email queue', 1542),
(1137, 'New version detected', 1543),
(1138, 'Install', 1544),
(1139, 'Update', 1545),
(1140, 'Save', 1546),
(1141, 'Send test email to: ', 1547);

-- Dumping data for table--

INSERT INTO `ip_cms_user` (`id`, `name`, `pass`, `wrong_logins`, `blocked`, `e_mail`, `row_number`) VALUES
(8, 'admin', '21232f297a57a5a743894a0e4a801fc3', 0, 0, '', 0);

-- Dumping data for table--

INSERT INTO `ip_cms_user_to_mod` (`id`, `user_id`, `module_id`) VALUES
(530, 8, 436),
(525, 8, 361),
(523, 8, 330),
(522, 8, 352),
(521, 8, 349),
(520, 8, 328),
(519, 8, 424),
(518, 8, 348),
(517, 8, 353),
(516, 8, 326),
(529, 8, 435),
(514, 8, 355),
(513, 8, 354),
(512, 8, 329),
(511, 8, 332),
(510, 8, 333),
(509, 8, 347),
(508, 8, 327);

-- Dumping data for table--

INSERT INTO `ip_cms_variables` (`id`, `name`, `value`, `modified_on`) VALUES
(40, 'version', '1.0.4', '2010-01-13 21:38:44'),
(41, 'cached_base_url', '[[[[base_url]]]]', '2009-08-01 23:03:17');

-- Dumping data for table--

INSERT INTO `ip_cms_zone` (`id`, `row_number`, `name`, `template`, `translation`, `associated_group`, `associated_module`) VALUES
(105, 4, 'top', 'main.php', 'Top', 'standard', 'content_management'),
(106, 5, 'left', 'main.php', 'Left', 'standard', 'content_management'),
(100, 7, 'rss', 'blank.php', 'RSS', 'administrator', 'rss'),
(93, 6, 'search', 'main.php', 'Search', 'administrator', 'search'),
(108, 8, 'sitemap', 'main.php', 'Sitemap', 'administrator', 'sitemap'),
(109, 9, 'newsletter', 'main.php', 'Newsletter', 'community', 'newsletter');

-- Dumping data for table--

INSERT INTO `ip_cms_zone_parameter` (`id`, `description`, `keywords`, `title`, `url`, `zone_id`, `language_id`, `translation`) VALUES
(627, '', '', 'Newsletter', 'newsletter', 109, 344, NULL),
(626, '', '', 'Sitemap', 'sitemap', 108, 384, NULL),
(625, '', '', 'Sitemap', 'sitemap', 108, 344, NULL),
(624, '', '', 'RSS', 'rss', 100, 384, NULL),
(623, '', '', 'RSS', 'rss', 100, 344, NULL),
(622, '', '', 'Search', 'search', 93, 384, NULL),
(621, '', '', 'Search', 'search', 93, 344, NULL),
(620, '', '', 'Left', 'left', 106, 384, NULL),
(619, '', '', 'Left', 'left', 106, 344, NULL),
(618, '', '', 'Top', 'top', 105, 384, NULL),
(617, '', '', 'Top', 'top', 105, 344, NULL),
(628, '', '', 'Newsletter', 'newsletter', 109, 384, NULL);

-- Dumping data for table--


INSERT INTO `ip_cms_zone_to_content` (`id`, `language_id`, `zone_id`, `element_id`) VALUES
(163, 344, 105, 1),
(164, 384, 105, 2),
(165, 344, 106, 3),
(166, 384, 106, 4),
(169, 344, 108, 57),
(170, 384, 108, 58),
(171, 344, 109, 60),
(172, 384, 109, 61);


