

INSERT INTO `ip_cms_content_element` (`id`, `row_number`, `parent`, `button_title`, `visible`, `html`, `page_title`, `keywords`, `description`, `url`, `dynamic_modules`, `last_modified`, `modify_track1`, `modify_track2`, `modify_track3`, `modify_frequency`, `rss`, `created_on`, `cached_html`, `cached_text`, `type`, `redirect_url`) VALUES
(1, 0, NULL, NULL, 1, NULL, NULL, NULL, NULL, NULL, NULL, NULL, NULL, NULL, NULL, NULL, 0, '2009-07-19 10:24:20', NULL, NULL, 'default', NULL),
(2, 0, NULL, NULL, 1, NULL, NULL, NULL, NULL, NULL, NULL, NULL, NULL, NULL, NULL, NULL, 0, '2009-07-19 10:24:20', NULL, NULL, 'default', NULL),
(3, 0, NULL, NULL, 1, NULL, NULL, NULL, NULL, NULL, NULL, NULL, NULL, NULL, NULL, NULL, 0, '2009-07-19 10:24:32', NULL, NULL, 'default', NULL),
(4, 0, NULL, NULL, 1, NULL, NULL, NULL, NULL, NULL, NULL, NULL, NULL, NULL, NULL, NULL, 0, '2009-07-19 10:24:32', NULL, NULL, 'default', NULL),
(57, 0, NULL, NULL, 1, NULL, NULL, NULL, NULL, NULL, NULL, NULL, NULL, NULL, NULL, NULL, 0, '2009-07-27 16:39:08', NULL, NULL, 'default', NULL),
(58, 0, NULL, NULL, 1, NULL, NULL, NULL, NULL, NULL, NULL, NULL, NULL, NULL, NULL, NULL, 0, '2009-07-27 16:39:08', NULL, NULL, 'default', NULL),
(66, 0, 3, 'Text', 1, '<div class="ipWidget ipWidgetTitle"><h1 class="ipWidgetTitleHeading">Lorem ipsum dolor sit amet</h1></div><div class="ipWidget ipWidgetText"><p>Lorem ipsum dolor sit amet, consectetur adipiscing elit. Proin rutrum pede vel quam. Proin auctor suscipit nulla. Suspendisse ac quam. Sed eu mauris. Sed pharetra posuere tortor. Ut tincidunt accumsan sapien. Curabitur eu felis at mi mollis luctus. In magna metus, ullamcorper nec, mattis vitae, ornare et, nunc. Quisque quis elit. Nulla eget quam.</p><p>&nbsp;</p><p><span class="note">Proin sit amet erat sit amet metus molestie posuere. Cras porttitor faucibus lectus. Aliquam nisi ante, venenatis porta, tristique quis, semper ac, elit. Praesent fringilla </span></p></div><div class="ipWidget ipWidgetTitle"><h2 class="ipWidgetTitleHeading">Integer tincidunt, orci vitae molestie </h2></div><div class="ipWidget ipWidgetText"><p>Praesent tempor eros sit amet turpis tristique blandit. Etiam egestas pede. Fusce a leo. Nam semper, eros eu consequat viverra, elit quam bibendum magna, ac convallis arcu leo accumsan velit. In dui lectus, auctor at, hendrerit vel, elementum a, dui. Morbi et eros. Maecenas interdum pede ac odio. Cras non odio. Suspendisse tortor. Mauris euismod vestibulum tellus. Praesent ullamcorper viverra sem. Vivamus felis sem, venenatis eu, ultricies nec, ultrices sit amet, tellus. Nullam in odio sed mi commodo posuere. Vivamus vel felis vitae tortor consequat aliquet.</p></div>', 'Example of text page', '', '', 'text', 'a:0:{}', '2010-01-13 21:38:56', '2009-08-10 00:48:05', '2009-08-09 00:00:00', NULL, NULL, 0, '2009-08-09 00:00:00', '<div class="ipWidget ipWidgetTitle"><h1 class="ipWidgetTitleHeading">Lorem ipsum dolor sit amet</h1></div><div class="ipWidget ipWidgetText"><p>Lorem ipsum dolor sit amet, consectetur adipiscing elit. Proin rutrum pede vel quam. Proin auctor suscipit nulla. Suspendisse ac quam. Sed eu mauris. Sed pharetra posuere tortor. Ut tincidunt accumsan sapien. Curabitur eu felis at mi mollis luctus. In magna metus, ullamcorper nec, mattis vitae, ornare et, nunc. Quisque quis elit. Nulla eget quam.</p><p>&nbsp;</p><p><span class="note">Proin sit amet erat sit amet metus molestie posuere. Cras porttitor faucibus lectus. Aliquam nisi ante, venenatis porta, tristique quis, semper ac, elit. Praesent fringilla </span></p></div><div class="ipWidget ipWidgetTitle"><h2 class="ipWidgetTitleHeading">Integer tincidunt, orci vitae molestie </h2></div><div class="ipWidget ipWidgetText"><p>Praesent tempor eros sit amet turpis tristique blandit. Etiam egestas pede. Fusce a leo. Nam semper, eros eu consequat viverra, elit quam bibendum magna, ac convallis arcu leo accumsan velit. In dui lectus, auctor at, hendrerit vel, elementum a, dui. Morbi et eros. Maecenas interdum pede ac odio. Cras non odio. Suspendisse tortor. Mauris euismod vestibulum tellus. Praesent ullamcorper viverra sem. Vivamus felis sem, venenatis eu, ultricies nec, ultrices sit amet, tellus. Nullam in odio sed mi commodo posuere. Vivamus vel felis vitae tortor consequat aliquet.</p></div>', '\n\nLOREM IPSUM DOLOR SIT AMET\n\n	Lorem ipsum dolor sit amet, consectetur adipiscing elit. Proin\nrutrum pede vel quam. Proin auctor suscipit nulla. Suspendisse ac\nquam. Sed eu mauris. Sed pharetra posuere tortor. Ut tincidunt\naccumsan sapien. Curabitur eu felis at mi mollis luctus. In magna\nmetus, ullamcorper nec, mattis vitae, ornare et, nunc. Quisque quis\nelit. Nulla eget quam.\n\n	Proin sit amet erat sit amet metus molestie posuere. Cras porttitor\nfaucibus lectus. Aliquam nisi ante, venenatis porta, tristique quis,\nsemper ac, elit. Praesent fringilla \n\nINTEGER TINCIDUNT, ORCI VITAE MOLESTIE \n\n	Praesent tempor eros sit amet turpis tristique blandit. Etiam\negestas pede. Fusce a leo. Nam semper, eros eu consequat viverra, elit\nquam bibendum magna, ac convallis arcu leo accumsan velit. In dui\nlectus, auctor at, hendrerit vel, elementum a, dui. Morbi et eros.\nMaecenas interdum pede ac odio. Cras non odio. Suspendisse tortor.\nMauris euismod vestibulum tellus. Praesent ullamcorper viverra sem.\nVivamus felis sem, venenatis eu, ultricies nec, ultrices sit amet,\ntellus. Nullam in odio sed mi commodo posuere. Vivamus vel felis vitae\ntortor consequat aliquet.', 'default', ''),
(67, 1, 3, 'Photos', 1, '<div class="ipWidget ipWidgetTitle"><h1 class="ipWidgetTitleHeading">Many ways to publish photos</h1></div><div class="ipWidget ipWidgetTitle"><h2 class="ipWidgetTitleHeading">Photo with text</h2></div> \n          <div class="ipWidget ipWidgetTextPhoto">\n            <a class="ipWidgetTextPhotoImageLeft" href="[[[[base_url]]]]image/cms_file_31_1.jpg" rel="lightbox[ipWidget]" title=""><img width="200" height="133" src="[[[[base_url]]]]image/cms_file_31.jpg" alt="" /></a>\n            <div class="ipWidgetTextPhotoText"><p>Lorem ipsum dolor sit amet, consectetur adipiscing elit. Integer sodales sem ac augue. Morbi bibendum leo quis metus. Nulla at leo. Nunc mattis elit sit amet nibh. Suspendisse eu turpis quis dolor varius ultrices. Lorem ipsum dolor sit amet, consectetur adipiscing elit. Duis eget augue a turpis ullamcorper fringilla. Etiam imperdiet tellus lobortis ipsum. Nunc tristique, tellus eget commodo elementum, eros justo venenatis nisi, ut elementum tellus ipsum in odio. Nam eleifend dictum libero. Etiam magna tortor, ornare vitae, aliquam in, dapibus ut, justo. Lorem ipsum dolor sit amet, consectetur adipiscing elit. Integer sodales sem ac augue. Morbi bibendum leo quis metus. Nulla at leo. Nunc mattis elit sit amet nibh. Suspendisse eu turpis quis dolor varius ultrices. Lorem ipsum dolor sit amet, consectetur adipiscing elit. Duis eget augue a turpis ullamcorper fringilla. Etiam imperdiet tellus lobortis ipsum. Nunc tristique, tellus eget commodo elementum, eros justo venenatis nisi, ut elementum tellus ipsum in odio. Nam eleifend dictum libero. Etiam magna tortor, ornare vitae, aliquam in, dapibus ut, justo.</p></div> \n            <div class="clear"><!-- --></div>\n          </div>\n        \n        <div class="ipWidget ipWidgetTitle"><h2 class="ipWidgetTitleHeading">Photo gallery</h2></div>\n        <div class="ipWidget ipWidgetPhotoGallery"><div class="ipWidgetPhotoGalleryWrapper">\n<a class="ipWidgetPhotoGalleryImage" href="[[[[base_url]]]]image/cms_file_29_1.jpg" rel="lightbox[ipWidget]" title=""><img alt="" src="[[[[base_url]]]]image/cms_file_29.jpg"/></a>\n<a class="ipWidgetPhotoGalleryImage" href="[[[[base_url]]]]image/cms_file_1_1.jpg" rel="lightbox[ipWidget]" title=""><img alt="" src="[[[[base_url]]]]image/cms_file_1.jpg"/></a>\n<a class="ipWidgetPhotoGalleryImage" href="[[[[base_url]]]]image/cms_file_27_1.jpg" rel="lightbox[ipWidget]" title=""><img alt="" src="[[[[base_url]]]]image/cms_file_27.jpg"/></a>\n<a class="ipWidgetPhotoGalleryImage" href="[[[[base_url]]]]image/cms_file_3_1.jpg" rel="lightbox[ipWidget]" title=""><img alt="" src="[[[[base_url]]]]image/cms_file_3.jpg"/></a>\n</div><div class="clear"><!-- --></div></div>\n<div class="ipWidget ipWidgetTitle"><h2 class="ipWidgetTitleHeading">Single photo</h2></div><div class="ipWidget ipWidgetPhoto"><img width="665" height="443" class="ipWidgetPhotoImage" alt="" src="[[[[base_url]]]]image/cms_file_28.jpg" /></div>', 'Photos publication example', '', '', 'photos', 'a:0:{}', '2010-01-13 21:38:57', '2009-08-10 13:34:27', '2009-08-09 00:00:00', NULL, NULL, 0, '2009-08-09 00:00:00', '<div class="ipWidget ipWidgetTitle"><h1 class="ipWidgetTitleHeading">Many ways to publish photos</h1></div><div class="ipWidget ipWidgetTitle"><h2 class="ipWidgetTitleHeading">Photo with text</h2></div> \n          <div class="ipWidget ipWidgetTextPhoto">\n            <a class="ipWidgetTextPhotoImageLeft" href="[[[[base_url]]]]image/cms_file_31_1.jpg" rel="lightbox[ipWidget]" title=""><img width="200" height="133" src="[[[[base_url]]]]image/cms_file_31.jpg" alt="" /></a>\n            <div class="ipWidgetTextPhotoText"><p>Lorem ipsum dolor sit amet, consectetur adipiscing elit. Integer sodales sem ac augue. Morbi bibendum leo quis metus. Nulla at leo. Nunc mattis elit sit amet nibh. Suspendisse eu turpis quis dolor varius ultrices. Lorem ipsum dolor sit amet, consectetur adipiscing elit. Duis eget augue a turpis ullamcorper fringilla. Etiam imperdiet tellus lobortis ipsum. Nunc tristique, tellus eget commodo elementum, eros justo venenatis nisi, ut elementum tellus ipsum in odio. Nam eleifend dictum libero. Etiam magna tortor, ornare vitae, aliquam in, dapibus ut, justo. Lorem ipsum dolor sit amet, consectetur adipiscing elit. Integer sodales sem ac augue. Morbi bibendum leo quis metus. Nulla at leo. Nunc mattis elit sit amet nibh. Suspendisse eu turpis quis dolor varius ultrices. Lorem ipsum dolor sit amet, consectetur adipiscing elit. Duis eget augue a turpis ullamcorper fringilla. Etiam imperdiet tellus lobortis ipsum. Nunc tristique, tellus eget commodo elementum, eros justo venenatis nisi, ut elementum tellus ipsum in odio. Nam eleifend dictum libero. Etiam magna tortor, ornare vitae, aliquam in, dapibus ut, justo.</p></div> \n            <div class="clear"><!-- --></div>\n          </div>\n        \n        <div class="ipWidget ipWidgetTitle"><h2 class="ipWidgetTitleHeading">Photo gallery</h2></div>\n        <div class="ipWidget ipWidgetPhotoGallery"><div class="ipWidgetPhotoGalleryWrapper">\n<a class="ipWidgetPhotoGalleryImage" href="[[[[base_url]]]]image/cms_file_29_1.jpg" rel="lightbox[ipWidget]" title=""><img alt="" src="[[[[base_url]]]]image/cms_file_29.jpg"/></a>\n<a class="ipWidgetPhotoGalleryImage" href="[[[[base_url]]]]image/cms_file_1_1.jpg" rel="lightbox[ipWidget]" title=""><img alt="" src="[[[[base_url]]]]image/cms_file_1.jpg"/></a>\n<a class="ipWidgetPhotoGalleryImage" href="[[[[base_url]]]]image/cms_file_27_1.jpg" rel="lightbox[ipWidget]" title=""><img alt="" src="[[[[base_url]]]]image/cms_file_27.jpg"/></a>\n<a class="ipWidgetPhotoGalleryImage" href="[[[[base_url]]]]image/cms_file_3_1.jpg" rel="lightbox[ipWidget]" title=""><img alt="" src="[[[[base_url]]]]image/cms_file_3.jpg"/></a>\n</div><div class="clear"><!-- --></div></div>\n<div class="ipWidget ipWidgetTitle"><h2 class="ipWidgetTitleHeading">Single photo</h2></div><div class="ipWidget ipWidgetPhoto"><img width="665" height="443" class="ipWidgetPhotoImage" alt="" src="[[[[base_url]]]]image/cms_file_28.jpg" /></div>', '\n\nMANY WAYS TO PUBLISH PHOTOS\n\nPHOTO WITH TEXT\n\n   [1] \n\n	Lorem ipsum dolor sit amet, consectetur adipiscing elit. Integer\nsodales sem ac augue. Morbi bibendum leo quis metus. Nulla at leo.\nNunc mattis elit sit amet nibh. Suspendisse eu turpis quis dolor\nvarius ultrices. Lorem ipsum dolor sit amet, consectetur adipiscing\nelit. Duis eget augue a turpis ullamcorper fringilla. Etiam imperdiet\ntellus lobortis ipsum. Nunc tristique, tellus eget commodo elementum,\neros justo venenatis nisi, ut elementum tellus ipsum in odio. Nam\neleifend dictum libero. Etiam magna tortor, ornare vitae, aliquam in,\ndapibus ut, justo. Lorem ipsum dolor sit amet, consectetur adipiscing\nelit. Integer sodales sem ac augue. Morbi bibendum leo quis metus.\nNulla at leo. Nunc mattis elit sit amet nibh. Suspendisse eu turpis\nquis dolor varius ultrices. Lorem ipsum dolor sit amet, consectetur\nadipiscing elit. Duis eget augue a turpis ullamcorper fringilla. Etiam\nimperdiet tellus lobortis ipsum. Nunc tristique, tellus eget commodo\nelementum, eros justo venenatis nisi, ut elementum tellus ipsum in\nodio. Nam eleifend dictum libero. Etiam magna tortor, ornare vitae,\naliquam in, dapibus ut, justo.   \n\nPHOTO GALLERY\n\n   [2]  [3]  [4]  [5]  \n\nSINGLE PHOTO\n\n\n\nLinks:\n------\n[1] [[[[base_url]]]]image/cms_file_31_1.jpg\n[2] [[[[base_url]]]]image/cms_file_29_1.jpg\n[3] [[[[base_url]]]]image/cms_file_1_1.jpg\n[4] [[[[base_url]]]]image/cms_file_27_1.jpg\n[5] [[[[base_url]]]]image/cms_file_3_1.jpg\n', 'default', ''),
(68, 2, 3, 'Video', 1, '<div class="ipWidget ipWidgetTitle"><h1 class="ipWidgetTitleHeading">Video</h1></div><script src="[[[[base_url]]]]ip_libs/js/AC_RunActiveContent.js" type="text/javascript"></script>\n          <div class="ipWidget ipWidgetVideo">\n           <script type="text/javascript">\n            if (AC_FL_RunContent == 0) {\n              alert("This page requires AC_RunActiveContent.js.");\n            } else {\n              AC_FL_RunContent(\n                ''codebase'', ''http://download.macromedia.com/pub/shockwave/cabs/flash/swflash.cab#version=9,0,0,0'',\n                ''width'', ''448'',\n                ''height'', ''336'',\n                ''src'', ''[[[[base_url]]]]ip_libs/flash/video_player/player'',\n                ''quality'', ''high'',\n                ''pluginspage'', ''http://www.macromedia.com/go/getflashplayer'',\n                ''play'', ''true'',\n                ''loop'', ''true'',\n                ''scale'', ''noscale'',\n                ''wmode'', ''window'',\n                ''devicefont'', ''false'',\n                ''id'', ''player'',\n                ''bgcolor'', ''#ffffff'',\n                ''name'', ''[[[[base_url]]]]ip_libs/flash/video_player/player'',\n                ''content'', ''true'',\n                ''allowFullScreen'', ''true'',\n                ''allowScriptAccess'',''sameDomain'',\n                ''movie'', ''[[[[base_url]]]]ip_libs/flash/video_player/player'',\n                ''salign'', ''tl'',\n                ''flashvars'', ''video_width_emb=448&video_height_emb=336&file=[[[[base_url]]]]video/sample.flv&player_skin=[[[[base_url]]]]ip_libs/flash/video_player/SkinOverPlayStopSeekFullVol.swf&bg=0xD4D6D7''\n                );\n             }\n             //]]>\n            </script>\n           <div class="clear"></div>\n          </div>      \n            ', 'Video example', '', '', 'video', 'a:0:{}', '2010-01-13 21:38:57', '2009-08-10 14:01:21', '2009-08-10 14:01:21', '2009-08-09 00:00:00', 1508174, 0, '2009-08-09 00:00:00', '<div class="ipWidget ipWidgetTitle"><h1 class="ipWidgetTitleHeading">Video</h1></div><script src="[[[[base_url]]]]ip_libs/js/AC_RunActiveContent.js" type="text/javascript"></script>\n          <div class="ipWidget ipWidgetVideo">\n           <script type="text/javascript">\n            if (AC_FL_RunContent == 0) {\n              alert("This page requires AC_RunActiveContent.js.");\n            } else {\n              AC_FL_RunContent(\n                ''codebase'', ''http://download.macromedia.com/pub/shockwave/cabs/flash/swflash.cab#version=9,0,0,0'',\n                ''width'', ''448'',\n                ''height'', ''336'',\n                ''src'', ''[[[[base_url]]]]ip_libs/flash/video_player/player'',\n                ''quality'', ''high'',\n                ''pluginspage'', ''http://www.macromedia.com/go/getflashplayer'',\n                ''play'', ''true'',\n                ''loop'', ''true'',\n                ''scale'', ''noscale'',\n                ''wmode'', ''window'',\n                ''devicefont'', ''false'',\n                ''id'', ''player'',\n                ''bgcolor'', ''#ffffff'',\n                ''name'', ''[[[[base_url]]]]ip_libs/flash/video_player/player'',\n                ''content'', ''true'',\n                ''allowFullScreen'', ''true'',\n                ''allowScriptAccess'',''sameDomain'',\n                ''movie'', ''[[[[base_url]]]]ip_libs/flash/video_player/player'',\n                ''salign'', ''tl'',\n                ''flashvars'', ''video_width_emb=448&video_height_emb=336&file=[[[[base_url]]]]video/sample.flv&player_skin=[[[[base_url]]]]ip_libs/flash/video_player/SkinOverPlayStopSeekFullVol.swf&bg=0xD4D6D7''\n                );\n             }\n             //]]>\n            </script>\n           <div class="clear"></div>\n          </div>      \n            ', '\n\nVIDEO\n\n   ', 'default', ''),
(69, 3, 3, 'All In One', 1, '<div class="ipWidget ipWidgetTitle"><h1 class="ipWidgetTitleHeading">Text, photos and video in one page</h1></div> \n          <div class="ipWidget ipWidgetTextPhoto">\n            <a class="ipWidgetTextPhotoImageLeft" href="[[[[base_url]]]]image/cms_file_21_1.jpg" rel="lightbox[ipWidget]" title=""><img width="200" height="133" src="[[[[base_url]]]]image/cms_file_21.jpg" alt="" /></a>\n            <div class="ipWidgetTextPhotoText"><p>Lorem ipsum dolor sit amet, consectetur adipiscing elit. Proin rutrum pede vel quam. Proin auctor suscipit nulla. Suspendisse ac quam. Sed eu mauris. Sed pharetra posuere tortor. Ut tincidunt accumsan sapien. Curabitur eu felis at mi mollis luctus. In magna metus, ullamcorper nec, mattis vitae, ornare et, nunc. Quisque quis elit. Nulla eget quam. Aliquam vehicula sollicitudin enim. Donec viverra lacus vitae urna. Donec viverra. Etiam nec sem. Pellentesque eleifend sapien non tortor.</p></div> \n            <div class="clear"><!-- --></div>\n          </div>\n        \n        <div class="ipWidget ipWidgetSeparatorLine"></div><div class="ipWidget ipWidgetTitle"><h2 class="ipWidgetTitleHeading">Lorem ipsum</h2></div><div class="ipWidget ipWidgetText"><p>Lorem ipsum dolor sit amet, consectetur adipiscing elit. Proin rutrum pede vel quam. Proin auctor suscipit nulla. Suspendisse ac quam. Sed eu mauris. Sed pharetra posuere tortor. Ut tincidunt accumsan sapien. Curabitur eu felis at mi mollis luctus. In magna metus, ullamcorper nec, mattis vitae, ornare et, nunc. Quisque quis elit. Nulla eget quam. Aliquam vehicula sollicitudin enim. Donec viverra lacus vitae urna. Donec viverra. Etiam nec sem. Pellentesque eleifend sapien non tortor.</p></div><div class="ipWidget ipWidgetSeparatorLine"></div>\n        <div class="ipWidget ipWidgetPhotoGallery"><div class="ipWidgetPhotoGalleryWrapper">\n<a class="ipWidgetPhotoGalleryImage" href="[[[[base_url]]]]image/cms_file_17_1.jpg" rel="lightbox[ipWidget]" title=""><img alt="" src="[[[[base_url]]]]image/cms_file_17.jpg"/></a>\n<a class="ipWidgetPhotoGalleryImage" href="[[[[base_url]]]]image/cms_file_4_1.jpg" rel="lightbox[ipWidget]" title=""><img alt="" src="[[[[base_url]]]]image/cms_file_4.jpg"/></a>\n<a class="ipWidgetPhotoGalleryImage" href="[[[[base_url]]]]image/cms_file_18_1.jpg" rel="lightbox[ipWidget]" title=""><img alt="" src="[[[[base_url]]]]image/cms_file_18.jpg"/></a>\n<a class="ipWidgetPhotoGalleryImage" href="[[[[base_url]]]]image/cms_file_13_1.jpg" rel="lightbox[ipWidget]" title=""><img alt="" src="[[[[base_url]]]]image/cms_file_13.jpg"/></a>\n<a class="ipWidgetPhotoGalleryImage" href="[[[[base_url]]]]image/cms_file_15_1.jpg" rel="lightbox[ipWidget]" title=""><img alt="" src="[[[[base_url]]]]image/cms_file_15.jpg"/></a>\n<a class="ipWidgetPhotoGalleryImage" href="[[[[base_url]]]]image/cms_file_12_1.jpg" rel="lightbox[ipWidget]" title=""><img alt="" src="[[[[base_url]]]]image/cms_file_12.jpg"/></a>\n<a class="ipWidgetPhotoGalleryImage" href="[[[[base_url]]]]image/cms_file_10_1.jpg" rel="lightbox[ipWidget]" title=""><img alt="" src="[[[[base_url]]]]image/cms_file_10.jpg"/></a>\n<a class="ipWidgetPhotoGalleryImage" href="[[[[base_url]]]]image/cms_file_19_1.jpg" rel="lightbox[ipWidget]" title=""><img alt="" src="[[[[base_url]]]]image/cms_file_19.jpg"/></a>\n</div><div class="clear"><!-- --></div></div>\n', 'Complex page example', '', '', 'all-in-one', 'a:0:{}', '2010-01-13 21:38:57', '2009-08-10 14:12:21', '2009-08-09 00:00:00', NULL, NULL, 0, '2009-08-09 00:00:00', '<div class="ipWidget ipWidgetTitle"><h1 class="ipWidgetTitleHeading">Text, photos and video in one page</h1></div> \n          <div class="ipWidget ipWidgetTextPhoto">\n            <a class="ipWidgetTextPhotoImageLeft" href="[[[[base_url]]]]image/cms_file_21_1.jpg" rel="lightbox[ipWidget]" title=""><img width="200" height="133" src="[[[[base_url]]]]image/cms_file_21.jpg" alt="" /></a>\n            <div class="ipWidgetTextPhotoText"><p>Lorem ipsum dolor sit amet, consectetur adipiscing elit. Proin rutrum pede vel quam. Proin auctor suscipit nulla. Suspendisse ac quam. Sed eu mauris. Sed pharetra posuere tortor. Ut tincidunt accumsan sapien. Curabitur eu felis at mi mollis luctus. In magna metus, ullamcorper nec, mattis vitae, ornare et, nunc. Quisque quis elit. Nulla eget quam. Aliquam vehicula sollicitudin enim. Donec viverra lacus vitae urna. Donec viverra. Etiam nec sem. Pellentesque eleifend sapien non tortor.</p></div> \n            <div class="clear"><!-- --></div>\n          </div>\n        \n        <div class="ipWidget ipWidgetSeparatorLine"></div><div class="ipWidget ipWidgetTitle"><h2 class="ipWidgetTitleHeading">Lorem ipsum</h2></div><div class="ipWidget ipWidgetText"><p>Lorem ipsum dolor sit amet, consectetur adipiscing elit. Proin rutrum pede vel quam. Proin auctor suscipit nulla. Suspendisse ac quam. Sed eu mauris. Sed pharetra posuere tortor. Ut tincidunt accumsan sapien. Curabitur eu felis at mi mollis luctus. In magna metus, ullamcorper nec, mattis vitae, ornare et, nunc. Quisque quis elit. Nulla eget quam. Aliquam vehicula sollicitudin enim. Donec viverra lacus vitae urna. Donec viverra. Etiam nec sem. Pellentesque eleifend sapien non tortor.</p></div><div class="ipWidget ipWidgetSeparatorLine"></div>\n        <div class="ipWidget ipWidgetPhotoGallery"><div class="ipWidgetPhotoGalleryWrapper">\n<a class="ipWidgetPhotoGalleryImage" href="[[[[base_url]]]]image/cms_file_17_1.jpg" rel="lightbox[ipWidget]" title=""><img alt="" src="[[[[base_url]]]]image/cms_file_17.jpg"/></a>\n<a class="ipWidgetPhotoGalleryImage" href="[[[[base_url]]]]image/cms_file_4_1.jpg" rel="lightbox[ipWidget]" title=""><img alt="" src="[[[[base_url]]]]image/cms_file_4.jpg"/></a>\n<a class="ipWidgetPhotoGalleryImage" href="[[[[base_url]]]]image/cms_file_18_1.jpg" rel="lightbox[ipWidget]" title=""><img alt="" src="[[[[base_url]]]]image/cms_file_18.jpg"/></a>\n<a class="ipWidgetPhotoGalleryImage" href="[[[[base_url]]]]image/cms_file_13_1.jpg" rel="lightbox[ipWidget]" title=""><img alt="" src="[[[[base_url]]]]image/cms_file_13.jpg"/></a>\n<a class="ipWidgetPhotoGalleryImage" href="[[[[base_url]]]]image/cms_file_15_1.jpg" rel="lightbox[ipWidget]" title=""><img alt="" src="[[[[base_url]]]]image/cms_file_15.jpg"/></a>\n<a class="ipWidgetPhotoGalleryImage" href="[[[[base_url]]]]image/cms_file_12_1.jpg" rel="lightbox[ipWidget]" title=""><img alt="" src="[[[[base_url]]]]image/cms_file_12.jpg"/></a>\n<a class="ipWidgetPhotoGalleryImage" href="[[[[base_url]]]]image/cms_file_10_1.jpg" rel="lightbox[ipWidget]" title=""><img alt="" src="[[[[base_url]]]]image/cms_file_10.jpg"/></a>\n<a class="ipWidgetPhotoGalleryImage" href="[[[[base_url]]]]image/cms_file_19_1.jpg" rel="lightbox[ipWidget]" title=""><img alt="" src="[[[[base_url]]]]image/cms_file_19.jpg"/></a>\n</div><div class="clear"><!-- --></div></div>\n', '\n\nTEXT, PHOTOS AND VIDEO IN ONE PAGE\n\n   [1] \n\n	Lorem ipsum dolor sit amet, consectetur adipiscing elit. Proin\nrutrum pede vel quam. Proin auctor suscipit nulla. Suspendisse ac\nquam. Sed eu mauris. Sed pharetra posuere tortor. Ut tincidunt\naccumsan sapien. Curabitur eu felis at mi mollis luctus. In magna\nmetus, ullamcorper nec, mattis vitae, ornare et, nunc. Quisque quis\nelit. Nulla eget quam. Aliquam vehicula sollicitudin enim. Donec\nviverra lacus vitae urna. Donec viverra. Etiam nec sem. Pellentesque\neleifend sapien non tortor.   \n\nLOREM IPSUM\n\n	Lorem ipsum dolor sit amet, consectetur adipiscing elit. Proin\nrutrum pede vel quam. Proin auctor suscipit nulla. Suspendisse ac\nquam. Sed eu mauris. Sed pharetra posuere tortor. Ut tincidunt\naccumsan sapien. Curabitur eu felis at mi mollis luctus. In magna\nmetus, ullamcorper nec, mattis vitae, ornare et, nunc. Quisque quis\nelit. Nulla eget quam. Aliquam vehicula sollicitudin enim. Donec\nviverra lacus vitae urna. Donec viverra. Etiam nec sem. Pellentesque\neleifend sapien non tortor.   [2]  [3]  [4]  [5]  [6]  [7]  [8]  [9] \n\nLinks:\n------\n[1] [[[[base_url]]]]image/cms_file_21_1.jpg\n[2] [[[[base_url]]]]image/cms_file_17_1.jpg\n[3] [[[[base_url]]]]image/cms_file_4_1.jpg\n[4] [[[[base_url]]]]image/cms_file_18_1.jpg\n[5] [[[[base_url]]]]image/cms_file_13_1.jpg\n[6] [[[[base_url]]]]image/cms_file_15_1.jpg\n[7] [[[[base_url]]]]image/cms_file_12_1.jpg\n[8] [[[[base_url]]]]image/cms_file_10_1.jpg\n[9] [[[[base_url]]]]image/cms_file_19_1.jpg\n', 'default', ''),
(70, 4, 3, 'Contacts / Registration', 1, '<div class="ipWidget ipWidgetTitle"><h1 class="ipWidgetTitleHeading">Example contacts / registration page</h1></div><div class="ipWidget ipWidgetText"><p>Your contacts</p></div><div class="ipWidget ipWidgetTitle"><h2 class="ipWidgetTitleHeading">Write Us</h2></div><dynamic_module/>', 'Contact form example', '', '', 'contacts-registration', 'a:1:{i:0;a:3:{s:12:"module_group";s:4:"misc";s:11:"module_name";s:12:"contact_form";s:2:"id";s:1:"2";}}', '2010-01-13 21:38:57', '2009-08-10 14:17:18', '2009-08-09 00:00:00', NULL, NULL, 0, '2009-08-09 00:00:00', '<div class="ipWidget ipWidgetTitle"><h1 class="ipWidgetTitleHeading">Example contacts / registration page</h1></div><div class="ipWidget ipWidgetText"><p>Your contacts</p></div><div class="ipWidget ipWidgetTitle"><h2 class="ipWidgetTitleHeading">Write Us</h2></div><div class="ipWidget ipWidgetContactForm">\n      <script type="text/javascript">\n      //<![CDATA[ \n        function lib_php_form_standard_1_answer(){\n  \n        \n          if(window.frames[''lib_php_form_standard_1''].new_fields){\n            var new_fields = window.frames[''lib_php_form_standard_1''].new_fields;\n            for(var i=0; i<new_fields.length; i++){\n              lib_php_form_standard_1_replace_input(new_fields[i][0], new_fields[i][1]);\n            }\n          }\n        \n          var first = true;\n        \n           \n        lib_php_form_standard_1_reset(''field_1'');\n       \n        lib_php_form_standard_1_reset(''field_2'');\n       \n        lib_php_form_standard_1_reset(''field_3'');\n       \n        lib_php_form_standard_1_reset(''field_4'');\n      \n          if(window.frames[''lib_php_form_standard_1''].global_error){\n            lib_php_form_standard_1_set_global_error(window.frames[''lib_php_form_standard_1''].global_error, first);\n            first = false;  \n          }\n  \n          if(window.frames[''lib_php_form_standard_1''].errors){\n            var errors = window.frames[''lib_php_form_standard_1''].errors;\n            for(var i=0; i<errors.length; i++){\n              lib_php_form_standard_1_set_error(errors[i][0], errors[i][1], first);\n              first = false;\n            }\n          }\n          \n          if(window.frames[''lib_php_form_standard_1''].script){\n            eval(window.frames[''lib_php_form_standard_1''].script);\n          }\n        }      \n        //]]>    \n      </script>  \n      <form id="lib_php_form_standard_1" target="lib_php_form_standard_1" enctype="multipart/form-data" method="post" action="">\n        \n  \n        <script type="text/javascript">\n          //<![CDATA[\n          function lib_php_form_standard_1_reset(field_name){\n            //document.getElementById(''lib_php_form_standard_1_field_'' + field_name).setAttribute("class", "libPhpFormField");\n            //document.getElementById(''lib_php_form_standard_1_field_'' + field_name).setAttribute("className", "libPhpFormField");\n            document.getElementById(''lib_php_form_standard_1_field_'' + field_name).className = "libPhpFormField";\n            document.getElementById(''lib_php_form_standard_1_field_'' + field_name + ''_error'').innerHTML = '''';\n            document.getElementById(''lib_php_form_standard_1_field_'' + field_name + ''_error'').style.display = ''none'';\n            document.getElementById(''lib_php_form_standard_1_global_error'').style.display = ''none'';\n          }\n          \n          function lib_php_form_standard_1_set_error(field_name, error, first){\n            //document.getElementById(''lib_php_form_standard_1_field_'' + field_name).setAttribute("class", "libPhpFormFieldError");\n            //document.getElementById(''lib_php_form_standard_1_field_'' + field_name).setAttribute("className", "libPhpFormFieldError");\n            document.getElementById(''lib_php_form_standard_1_field_'' + field_name).className = "libPhpFormFieldError";\n            if(error != ''''){\n              document.getElementById(''lib_php_form_standard_1_field_'' + field_name + ''_error'').innerHTML = error;\n              document.getElementById(''lib_php_form_standard_1_field_'' + field_name + ''_error'').style.display = ''block'';\n            }\n            \n            if(first){\n              document.location = ''#lib_php_form_standard_1_field_'' + field_name + ''_error_anchor'';\n            }\n          }\n          \n          function lib_php_form_standard_1_set_global_error(error, first){\n            document.getElementById(''lib_php_form_standard_1_global_error'').innerHTML = error;\n            document.getElementById(''lib_php_form_standard_1_global_error'').style.display = ''block'';\n            if(first){\n              document.location = ''#lib_php_form_standard_1_global_error_anchor'';\n            }\n            \n          }\n          \n          function lib_php_form_standard_1_replace_input(field_name, new_html){\n            document.getElementById(''lib_php_form_standard_1_field_'' + field_name + ''_input'').innerHTML = new_html;\n          }\n          //]]>    \n        </script>     \n      \n      <div>        \n        <a name="lib_php_form_standard_1_global_error_anchor"></a>\n        <div id="lib_php_form_standard_1_global_error" class="libPhpFormGlobalError"></div>\n        \n  \n        <div id="lib_php_form_standard_1_field_field_1" class="libPhpFormField">\n          <a name="lib_php_form_standard_1_field_field_1_error_anchor"></a><label for="lib_php_form_standard_1_field_field_1_input_field" class="libPhpFormCaption">Name *</label>\n          <div class="libPhpFormInput">\n            <div id="lib_php_form_standard_1_field_field_1_input"><input id="lib_php_form_standard_1_field_field_1_input_field" class="formField" type="text" name="field_1" value=""/></div>\n            <div id="lib_php_form_standard_1_field_field_1_error" class="libPhpFormError"></div></div><div class="clear"></div>\n        </div>\n  \n        <div id="lib_php_form_standard_1_field_field_2" class="libPhpFormField">\n          <a name="lib_php_form_standard_1_field_field_2_error_anchor"></a><label for="lib_php_form_standard_1_field_field_2_input_field" class="libPhpFormCaption">E-mail</label>\n          <div class="libPhpFormInput">\n            <div id="lib_php_form_standard_1_field_field_2_input"><input id="lib_php_form_standard_1_field_field_2_input_field" class="formField" type="text" name="field_2" value=""/></div>\n            <div id="lib_php_form_standard_1_field_field_2_error" class="libPhpFormError"></div></div><div class="clear"></div>\n        </div>\n  \n        <div id="lib_php_form_standard_1_field_field_3" class="libPhpFormField">\n          <a name="lib_php_form_standard_1_field_field_3_error_anchor"></a><label for="lib_php_form_standard_1_field_field_3_input_field" class="libPhpFormCaption">Text *</label>\n          <div class="libPhpFormInput">\n            <div id="lib_php_form_standard_1_field_field_3_input"><textarea id="lib_php_form_standard_1_field_field_3_input_field" cols="25" rows="5" class="formField" name="field_3" ></textarea></div>\n            <div id="lib_php_form_standard_1_field_field_3_error" class="libPhpFormError"></div></div><div class="clear"></div>\n        </div>\n  \n        <div id="lib_php_form_standard_1_field_field_4" class="libPhpFormField">\n          <a name="lib_php_form_standard_1_field_field_4_error_anchor"></a><label for="lib_php_form_standard_1_field_field_4_input_field" class="libPhpFormCaption">File</label>\n          <div class="libPhpFormInput">\n            <div id="lib_php_form_standard_1_field_field_4_input"><input id="lib_php_form_standard_1_field_field_4_input_field" class="formField" type="file" name="field_4" />\n         </div>\n            <div id="lib_php_form_standard_1_field_field_4_error" class="libPhpFormError"></div></div><div class="clear"></div>\n        </div>\n        <div class="clear"><!-- --></div>\n        <div class="libPhpFormButtons"><input type="submit" class="libPhpFormSubmit" value="Send" /></div>\n        <div class="clear"><!-- --></div>\n      </div>\n\n    \n\n      \n\n        <div>\n          <input id="lib_php_form_standard_1_field_cm_group" class="" type="hidden" name="cm_group" value="misc"/><input id="lib_php_form_standard_1_field_cm_name" class="" type="hidden" name="cm_name" value="contact_form"/><input id="lib_php_form_standard_1_field_action" class="" type="hidden" name="action" value="contact_form"/><input id="lib_php_form_standard_1_field_spec_id" class="" type="hidden" name="spec_id" value="2"/>\n          <input type="hidden" name="spec_security_code" value="53c04bbbb498fcf11ca1c2bbe9726cb5" />\n          <input type="hidden" name="spec_rand_name" value="lib_php_form_standard_1" />\n           <iframe onload="if(window.lib_php_form_standard_1_answer)lib_php_form_standard_1_answer();" name="lib_php_form_standard_1" width="0" height="0" frameborder="0">Your browser does not support iframes.</iframe>\n          <div class="clear"></div>\n        </div>        \n      </form>      \n      </div>', '\n\nEXAMPLE CONTACTS / REGISTRATION PAGE\n\n	Your contacts\n\nWRITE US\n\n      Name *      E-mail      Text *      File              Your\nbrowser does not support iframes.    ', 'default', ''),
(71, 0, 67, 'Subpage', 1, '<div class="ipWidget ipWidgetTitle"><h1 class="ipWidgetTitleHeading">Subpage example</h1></div><div class="ipWidget ipWidgetText"><p>Lorem ipsum dolor sit amet, consectetur adipiscing elit. Curabitur aliquam, ante eu convallis convallis, felis nunc varius sapien, eu hendrerit nisi erat vel arcu. In odio est, scelerisque ut, blandit a, sodales pellentesque, justo. Mauris iaculis lectus nec mauris. Ut ac est. Pellentesque tempus euismod justo. Duis lacinia, lacus vitae volutpat ultricies, eros magna consectetur enim, sodales laoreet quam tellus malesuada dui. In elementum nunc eu ante. Mauris lobortis. Duis scelerisque. Integer dignissim, urna quis viverra blandit, magna augue eleifend neque, et laoreet odio leo non lectus. Curabitur elit justo, iaculis eget, porta vel, dapibus ac, ipsum. Curabitur lobortis cursus purus. Nullam sollicitudin, mauris cursus suscipit facilisis, felis augue tempus turpis, a pretium est ligula in dolor. Lorem ipsum dolor sit amet, consectetur adipiscing elit. Nunc eget odio. Vestibulum orci. Nulla leo nisi, faucibus dapibus, tincidunt non, venenatis at, justo. Aliquam est lectus, ullamcorper molestie, commodo a, auctor ut, ligula. Fusce pharetra.</p></div><div class="ipWidget ipWidgetText"><p><ul><li>lorem ipsumdolor</li><li>sit amet</li><li>vestibulum orci</li></ul></p></div>', 'Subpage example', '', '', 'subpage', 'a:0:{}', '2010-01-13 21:38:57', '2009-08-10 13:36:39', '2009-08-09 00:00:00', NULL, NULL, 0, '2009-08-09 00:00:00', '<div class="ipWidget ipWidgetTitle"><h1 class="ipWidgetTitleHeading">Subpage example</h1></div><div class="ipWidget ipWidgetText"><p>Lorem ipsum dolor sit amet, consectetur adipiscing elit. Curabitur aliquam, ante eu convallis convallis, felis nunc varius sapien, eu hendrerit nisi erat vel arcu. In odio est, scelerisque ut, blandit a, sodales pellentesque, justo. Mauris iaculis lectus nec mauris. Ut ac est. Pellentesque tempus euismod justo. Duis lacinia, lacus vitae volutpat ultricies, eros magna consectetur enim, sodales laoreet quam tellus malesuada dui. In elementum nunc eu ante. Mauris lobortis. Duis scelerisque. Integer dignissim, urna quis viverra blandit, magna augue eleifend neque, et laoreet odio leo non lectus. Curabitur elit justo, iaculis eget, porta vel, dapibus ac, ipsum. Curabitur lobortis cursus purus. Nullam sollicitudin, mauris cursus suscipit facilisis, felis augue tempus turpis, a pretium est ligula in dolor. Lorem ipsum dolor sit amet, consectetur adipiscing elit. Nunc eget odio. Vestibulum orci. Nulla leo nisi, faucibus dapibus, tincidunt non, venenatis at, justo. Aliquam est lectus, ullamcorper molestie, commodo a, auctor ut, ligula. Fusce pharetra.</p></div><div class="ipWidget ipWidgetText"><p><ul><li>lorem ipsumdolor</li><li>sit amet</li><li>vestibulum orci</li></ul></p></div>', '\n\nSUBPAGE EXAMPLE\n\n	Lorem ipsum dolor sit amet, consectetur adipiscing elit. Curabitur\naliquam, ante eu convallis convallis, felis nunc varius sapien, eu\nhendrerit nisi erat vel arcu. In odio est, scelerisque ut, blandit a,\nsodales pellentesque, justo. Mauris iaculis lectus nec mauris. Ut ac\nest. Pellentesque tempus euismod justo. Duis lacinia, lacus vitae\nvolutpat ultricies, eros magna consectetur enim, sodales laoreet quam\ntellus malesuada dui. In elementum nunc eu ante. Mauris lobortis. Duis\nscelerisque. Integer dignissim, urna quis viverra blandit, magna augue\neleifend neque, et laoreet odio leo non lectus. Curabitur elit justo,\niaculis eget, porta vel, dapibus ac, ipsum. Curabitur lobortis cursus\npurus. Nullam sollicitudin, mauris cursus suscipit facilisis, felis\naugue tempus turpis, a pretium est ligula in dolor. Lorem ipsum dolor\nsit amet, consectetur adipiscing elit. Nunc eget odio. Vestibulum\norci. Nulla leo nisi, faucibus dapibus, tincidunt non, venenatis at,\njusto. Aliquam est lectus, ullamcorper molestie, commodo a, auctor ut,\nligula. Fusce pharetra.\n\n	* lorem ipsumdolor\n	* sit amet\n	* vestibulum orci\n\n', 'default', ''),
(60, 0, NULL, NULL, 1, NULL, NULL, NULL, NULL, NULL, NULL, NULL, NULL, NULL, NULL, NULL, 0, '2009-07-28 22:53:24', NULL, NULL, 'default', NULL),
(61, 0, NULL, NULL, 1, NULL, NULL, NULL, NULL, NULL, NULL, NULL, NULL, NULL, NULL, NULL, 0, '2009-07-28 22:53:24', NULL, NULL, 'default', NULL),
(64, 0, 1, 'Welcome!', 1, '<div class="ipWidget ipWidgetTitle"><h1 class="ipWidgetTitleHeading">ImpressPages CMS successfully installed</h1></div><div class="ipWidget ipWidgetText"><p>This is standard ImpressPages content management system website. Use it as an example to build your own website with your content and design.</p></div><div class="ipWidget ipWidgetSeparatorLine"></div><div class="ipWidget ipWidgetText"><p>See top menu for more information about ImpressPages CMS and left menu for examples how the content can be build.</p></div><div class="ipWidget ipWidgetSeparatorLine"></div><div class="ipWidget ipWidgetText"><p>Administration tools can be found on page <a href="[[[[base_url]]]]admin.php">[[[[base_url]]]]admin.php</a></p></div>', 'ImpressPages welcome page', '', '', 'impresspages-welcome-page', 'a:0:{}', '2010-01-13 21:38:57', '2009-08-10 00:22:58', '2009-08-09 00:00:00', NULL, NULL, 0, '2009-08-09 00:00:00', '<div class="ipWidget ipWidgetTitle"><h1 class="ipWidgetTitleHeading">ImpressPages CMS successfully installed</h1></div><div class="ipWidget ipWidgetText"><p>This is standard ImpressPages content management system website. Use it as an example to build your own website with your content and design.</p></div><div class="ipWidget ipWidgetSeparatorLine"></div><div class="ipWidget ipWidgetText"><p>See top menu for more information about ImpressPages CMS and left menu for examples how the content can be build.</p></div><div class="ipWidget ipWidgetSeparatorLine"></div><div class="ipWidget ipWidgetText"><p>Administration tools can be found on page <a href="[[[[base_url]]]]admin.php">[[[[base_url]]]]admin.php</a></p></div>', '\n\nIMPRESSPAGES CMS SUCCESSFULLY INSTALLED\n\n	This is standard ImpressPages content management system website. Use\nit as an example to build your own website with your content and\ndesign.\n\n	See top menu for more information about ImpressPages CMS and left\nmenu for examples how the content can be build.\n\n	Administration tools can be found on page\n[[[[base_url]]]]admin.php [1]\n\nLinks:\n------\n[1] [[[[base_url]]]]admin.php\n', 'default', ''),
(65, 1, 1, 'Lorem ipsum', 1, '<div class="ipWidget ipWidgetTitle"><h1 class="ipWidgetTitleHeading">Lorem ipsum</h1></div><div class="ipWidget ipWidgetText"><p>Lorem ipsum dolor sit amet.</p></div>', 'Lorem ipsum', '', '', 'lorem-ipsum', 'a:0:{}', '2010-01-13 21:38:57', '2009-08-10 00:43:10', '2009-08-09 00:00:00', NULL, NULL, 0, '2009-08-09 00:00:00', '<div class="ipWidget ipWidgetTitle"><h1 class="ipWidgetTitleHeading">Lorem ipsum</h1></div><div class="ipWidget ipWidgetText"><p>Lorem ipsum dolor sit amet.</p></div>', '\n\nLorem ipsum\n\nLorem ipsum dolor sit amet.\n', 'default', ''),
(72, 0, 2, 'Lorem ipsum', 1, '<div class="ipWidget ipWidgetTitle"><h1 class="ipWidgetTitleHeading">Lorem ipsum dolor sit amet</h1></div><div class="ipWidget ipWidgetText"><p>Lorem ipsum dolor sit amet, consectetur adipiscing elit. Proin rutrum pede vel quam. Proin auctor suscipit nulla. Suspendisse ac quam. Sed eu mauris. Sed pharetra posuere tortor. Ut tincidunt accumsan sapien. Curabitur eu felis at mi mollis luctus. In magna metus, ullamcorper nec, mattis vitae, ornare et, nunc. Quisque quis elit. Nulla eget quam.</p></div>', 'Lorem ipsum', '', '', 'lorem-ipsum', 'a:0:{}', '2010-01-13 21:38:57', '2009-08-10 15:28:37', NULL, NULL, NULL, 0, '2009-08-10 00:00:00', '<div class="ipWidget ipWidgetTitle"><h1 class="ipWidgetTitleHeading">Lorem ipsum dolor sit amet</h1></div><div class="ipWidget ipWidgetText"><p>Lorem ipsum dolor sit amet, consectetur adipiscing elit. Proin rutrum pede vel quam. Proin auctor suscipit nulla. Suspendisse ac quam. Sed eu mauris. Sed pharetra posuere tortor. Ut tincidunt accumsan sapien. Curabitur eu felis at mi mollis luctus. In magna metus, ullamcorper nec, mattis vitae, ornare et, nunc. Quisque quis elit. Nulla eget quam.</p></div>', '\n\nLOREM IPSUM DOLOR SIT AMET\n\n	Lorem ipsum dolor sit amet, consectetur adipiscing elit. Proin\nrutrum pede vel quam. Proin auctor suscipit nulla. Suspendisse ac\nquam. Sed eu mauris. Sed pharetra posuere tortor. Ut tincidunt\naccumsan sapien. Curabitur eu felis at mi mollis luctus. In magna\nmetus, ullamcorper nec, mattis vitae, ornare et, nunc. Quisque quis\nelit. Nulla eget quam.', 'default', ''),
(73, 0, 4, 'Ut eros', 1, '<div class="ipWidget ipWidgetTitle"><h1 class="ipWidgetTitleHeading">Ut eros. Aliquam eu elit.</h1></div><div class="ipWidget ipWidgetText"><p>Ut eros. Aliquam eu elit. Duis sodales mi non leo. Vivamus porta. Ut blandit, augue quis aliquam condimentum, libero lorem pretium purus, viverra viverra metus sem sed dolor. Nam ultricies est id massa. Morbi rutrum leo sed enim. Phasellus tristique nisl vel tellus. Ut sed ipsum sit amet libero facilisis pretium. Vivamus viverra convallis mi. Vestibulum dapibus, augue condimentum interdum rutrum, justo dolor facilisis enim, sit amet mattis enim tortor eget turpis. Nulla convallis feugiat ante. Suspendisse sed enim eu elit varius varius.</p></div>', '', '', '', 'ut-eros', 'a:0:{}', '2010-01-13 21:38:57', '2009-08-10 15:28:58', NULL, NULL, NULL, 0, '2009-08-10 00:00:00', '<div class="ipWidget ipWidgetTitle"><h1 class="ipWidgetTitleHeading">Ut eros. Aliquam eu elit.</h1></div><div class="ipWidget ipWidgetText"><p>Ut eros. Aliquam eu elit. Duis sodales mi non leo. Vivamus porta. Ut blandit, augue quis aliquam condimentum, libero lorem pretium purus, viverra viverra metus sem sed dolor. Nam ultricies est id massa. Morbi rutrum leo sed enim. Phasellus tristique nisl vel tellus. Ut sed ipsum sit amet libero facilisis pretium. Vivamus viverra convallis mi. Vestibulum dapibus, augue condimentum interdum rutrum, justo dolor facilisis enim, sit amet mattis enim tortor eget turpis. Nulla convallis feugiat ante. Suspendisse sed enim eu elit varius varius.</p></div>', '\n\nUT EROS. ALIQUAM EU ELIT.\n\n	Ut eros. Aliquam eu elit. Duis sodales mi non leo. Vivamus porta. Ut\nblandit, augue quis aliquam condimentum, libero lorem pretium purus,\nviverra viverra metus sem sed dolor. Nam ultricies est id massa. Morbi\nrutrum leo sed enim. Phasellus tristique nisl vel tellus. Ut sed ipsum\nsit amet libero facilisis pretium. Vivamus viverra convallis mi.\nVestibulum dapibus, augue condimentum interdum rutrum, justo dolor\nfacilisis enim, sit amet mattis enim tortor eget turpis. Nulla\nconvallis feugiat ante. Suspendisse sed enim eu elit varius varius.', 'default', '');
   
-- Dumping data for table--

INSERT INTO `ip_cms_content_element` (`id`, `row_number`, `parent`, `button_title`, `visible`, `html`, `page_title`, `keywords`, `description`, `url`, `dynamic_modules`, `last_modified`, `modify_track1`, `modify_track2`, `modify_track3`, `modify_frequency`, `rss`, `created_on`, `cached_html`, `cached_text`, `type`, `redirect_url`) VALUES
(74, 1, 4, 'In vitae nunc', 1, '<div class="ipWidget ipWidgetTitle"><h1 class="ipWidgetTitleHeading">In vitae nunc.</h1></div><div class="ipWidget ipWidgetText"><p>In vitae nunc. Suspendisse facilisis nisi eget massa. Maecenas varius, nulla eget porta sollicitudin, mauris odio semper elit, at lobortis arcu massa ut quam. Etiam dui quam, imperdiet at, euismod ac, lobortis sed, metus. In posuere lobortis felis. Donec rutrum cursus dolor. In facilisis mattis urna. Proin sit amet mi sed libero faucibus ultricies. Nulla in justo mattis nunc commodo cursus. Aliquam vitae magna. Ut condimentum. Nam in nulla. Maecenas aliquam sapien.</p></div>', '', '', '', 'in-vitae-nunc', 'a:0:{}', '2010-01-13 21:38:57', '2009-08-10 15:29:54', NULL, NULL, NULL, 0, '2009-08-10 00:00:00', '<div class="ipWidget ipWidgetTitle"><h1 class="ipWidgetTitleHeading">In vitae nunc.</h1></div><div class="ipWidget ipWidgetText"><p>In vitae nunc. Suspendisse facilisis nisi eget massa. Maecenas varius, nulla eget porta sollicitudin, mauris odio semper elit, at lobortis arcu massa ut quam. Etiam dui quam, imperdiet at, euismod ac, lobortis sed, metus. In posuere lobortis felis. Donec rutrum cursus dolor. In facilisis mattis urna. Proin sit amet mi sed libero faucibus ultricies. Nulla in justo mattis nunc commodo cursus. Aliquam vitae magna. Ut condimentum. Nam in nulla. Maecenas aliquam sapien.</p></div>', '\n\nIN VITAE NUNC.\n\n	In vitae nunc. Suspendisse facilisis nisi eget massa. Maecenas\nvarius, nulla eget porta sollicitudin, mauris odio semper elit, at\nlobortis arcu massa ut quam. Etiam dui quam, imperdiet at, euismod ac,\nlobortis sed, metus. In posuere lobortis felis. Donec rutrum cursus\ndolor. In facilisis mattis urna. Proin sit amet mi sed libero faucibus\nultricies. Nulla in justo mattis nunc commodo cursus. Aliquam vitae\nmagna. Ut condimentum. Nam in nulla. Maecenas aliquam sapien.', 'default', ''),
(75, 2, 4, 'Lorem ipsum', 1, '<div class="ipWidget ipWidgetTitle"><h1 class="ipWidgetTitleHeading">Ut eros. Aliquam eu elit.</h1></div><div class="ipWidget ipWidgetText"><p>Donec rutrum cursus dolor. In facilisis mattis urna. Proin sit amet mi sed libero faucibus ultricies. Nulla in justo mattis nunc commodo cursus. Aliquam vitae magna. Ut condimentum. Nam in nulla. Maecenas aliquam sapien.</p></div>', '', '', '', 'lorem-ipsum-1', 'a:0:{}', '2010-01-13 21:38:57', '2009-08-10 15:31:19', NULL, NULL, NULL, 0, '2009-08-10 00:00:00', '<div class="ipWidget ipWidgetTitle"><h1 class="ipWidgetTitleHeading">Ut eros. Aliquam eu elit.</h1></div><div class="ipWidget ipWidgetText"><p>Donec rutrum cursus dolor. In facilisis mattis urna. Proin sit amet mi sed libero faucibus ultricies. Nulla in justo mattis nunc commodo cursus. Aliquam vitae magna. Ut condimentum. Nam in nulla. Maecenas aliquam sapien.</p></div>', '\n\nUT EROS. ALIQUAM EU ELIT.\n\n	Donec rutrum cursus dolor. In facilisis mattis urna. Proin sit amet\nmi sed libero faucibus ultricies. Nulla in justo mattis nunc commodo\ncursus. Aliquam vitae magna. Ut condimentum. Nam in nulla. Maecenas\naliquam sapien.', 'default', ''),
(76, 0, 71, 'Third level page1', 1, '<div class="ipWidget ipWidgetTitle"><h1 class="ipWidgetTitleHeading">Lorem ipsum dolor sit amet</h1></div><div class="ipWidget ipWidgetText"><p>Lorem ipsum dolor sit amet, consectetur adipiscing elit. Vestibulum pharetra lacus vitae leo lobortis nec convallis est molestie. Quisque libero ipsum, mattis ut vehicula blandit, ultrices at eros. Sed odio nulla, tincidunt ac venenatis ac, euismod vel justo. Fusce pulvinar, erat quis sagittis consectetur</p><p>&nbsp;</p></div>', 'Third level page1', '', '', '3level1', 'a:0:{}', '2010-01-13 21:38:57', '2009-08-13 19:18:21', '2009-08-12 00:00:00', NULL, NULL, 0, '2009-08-12 00:00:00', '<div class="ipWidget ipWidgetTitle"><h1 class="ipWidgetTitleHeading">Lorem ipsum dolor sit amet</h1></div><div class="ipWidget ipWidgetText"><p>Lorem ipsum dolor sit amet, consectetur adipiscing elit. Vestibulum pharetra lacus vitae leo lobortis nec convallis est molestie. Quisque libero ipsum, mattis ut vehicula blandit, ultrices at eros. Sed odio nulla, tincidunt ac venenatis ac, euismod vel justo. Fusce pulvinar, erat quis sagittis consectetur</p><p>&nbsp;</p></div>', '\n\nLOREM IPSUM DOLOR SIT AMET\n\n	Lorem ipsum dolor sit amet, consectetur adipiscing elit. Vestibulum\npharetra lacus vitae leo lobortis nec convallis est molestie. Quisque\nlibero ipsum, mattis ut vehicula blandit, ultrices at eros. Sed odio\nnulla, tincidunt ac venenatis ac, euismod vel justo. Fusce pulvinar,\nerat quis sagittis consectetur\n\n	 ', 'default', ''),
(77, 1, 71, 'Third level page 2', 1, '<div class="ipWidget ipWidgetTitle"><h1 class="ipWidgetTitleHeading">Suspendisse vel enim ut erat tempus</h1></div><div class="ipWidget ipWidgetText"><p>Suspendisse vel enim ut erat tempus laoreet vel sed neque. Nam scelerisque tristique nunc. Integer odio nulla, sagittis eu consequat a, fermentum a felis. In hac habitasse platea dictumst. Aenean sollicitudin convallis augue, ut ornare diam hendrerit nec. Sed faucibus metus a ipsum lobortis porttitor eu gravida libero. Ut libero eros, tincidunt laoreet lacinia non, porttitor quis ligula. Sed hendrerit magna ac nisi pretium vel dapibus quam fringilla.</p><p>&nbsp;</p></div>', 'Third level page 2', '', '', '3level2', 'a:0:{}', '2010-01-13 21:38:57', '2009-08-12 00:00:00', NULL, NULL, NULL, 0, '2009-08-12 00:00:00', '<div class="ipWidget ipWidgetTitle"><h1 class="ipWidgetTitleHeading">Suspendisse vel enim ut erat tempus</h1></div><div class="ipWidget ipWidgetText"><p>Suspendisse vel enim ut erat tempus laoreet vel sed neque. Nam scelerisque tristique nunc. Integer odio nulla, sagittis eu consequat a, fermentum a felis. In hac habitasse platea dictumst. Aenean sollicitudin convallis augue, ut ornare diam hendrerit nec. Sed faucibus metus a ipsum lobortis porttitor eu gravida libero. Ut libero eros, tincidunt laoreet lacinia non, porttitor quis ligula. Sed hendrerit magna ac nisi pretium vel dapibus quam fringilla.</p><p>&nbsp;</p></div>', '\n\nSUSPENDISSE VEL ENIM UT ERAT TEMPUS\n\n	Suspendisse vel enim ut erat tempus laoreet vel sed neque. Nam\nscelerisque tristique nunc. Integer odio nulla, sagittis eu consequat\na, fermentum a felis. In hac habitasse platea dictumst. Aenean\nsollicitudin convallis augue, ut ornare diam hendrerit nec. Sed\nfaucibus metus a ipsum lobortis porttitor eu gravida libero. Ut libero\neros, tincidunt laoreet lacinia non, porttitor quis ligula. Sed\nhendrerit magna ac nisi pretium vel dapibus quam fringilla.\n\n	 ', 'default', '');

-- Dumping data for table--

INSERT INTO `ip_cms_m_developer_widget_sort` (`sortId`, `widgetName`, `priority`, `deleted`) VALUES
(2, 'IpImage', 60, 0),
(3, 'IpImageGallery', 70, 0),
(4, 'IpLogoGallery', 80, 0),
(5, 'IpText', 30, 0),
(6, 'IpTextImage', 50, 0),
(7, 'IpTitle', 20, 0),
(8, 'IpFile', 90, 0),
(10, 'IpSeparator', 40, 0),
(12, 'IpNewsletter', 110, 0),
(9, 'IpHtml', 120, 0),
(11, 'IpTable', 100, 0);

-- Dumping data for table--

INSERT INTO `ip_cms_language` (`id`, `d_short`, `d_long`, `row_number`, `visible`, `url`, `code`) VALUES
(344, 'EN', 'English', 2, 1, 'en', 'en'),
(384, 'LA', 'Latin', 3, 1, 'la', 'la');

-- Dumping data for table--

INSERT INTO `ip_cms_module` (`id`, `group_id`, `row_number`, `name`, `admin`, `translation`, `managed`, `version`, `core`) VALUES
(323, 336, 7, 'std_mod', 1, 'Std. mod.', 0, '1.00', 1),
(352, 336, 4, 'modules_configuration', 1, 'Modules config', 1, '1.00', 1),
(326, 323, 0, 'administrators', 1, 'Administrators', 1, '1.00', 1),
(327, 324, 1, 'content_management', 1, 'Content management', 1, '1.00', 1),
(328, 336, 1, 'zones', 1, 'Zones', 1, '1.00', 1),
(329, 324, 6, 'languages', 1, 'Languages', 1, '1.00', 1),
(330, 336, 5, 'widgets', 1, 'Widgets', 1, '1.00', 1),
(332, 324, 5, 'configuration', 0, 'Configuration', 1, '1.00', 1),
(333, 324, 4, 'seo', 1, 'SEO', 1, '1.00', 1),
(347, 324, 3, 'menu_management', 1, 'Menu management', 1, '1.00', 1),
(348, 323, 3, 'log', 1, 'Log', 1, '1.00', 1),
(349, 336, 3, 'modules', 1, 'Modules', 1, '1.00', 1),
(351, 323, 0, 'rss', 0, 'RSS', 0, '1.00', 1),
(353, 323, 0, 'email_queue', 1, 'E-mail queue', 1, '1.00', 1),
(354, 337, 0, 'newsletter', 0, 'Newsletter', 1, '1.00', 1),
(355, 337, 0, 'newsletter_subscribers', 1, 'Newsletter subscribers', 1, '1.00', 1),
(356, 323, 0, 'search', 0, 'Search', 0, '1.00', 1),
(358, 323, 0, 'sitemap', 0, 'Sitemap', 0, '1.00', 1),
(361, 336, 8, 'config_exp_imp', 1, 'Modules exp/imp', 1, '1.00', 1),
(436, 336, 9, 'localization', 1, 'Localization', 1, '1.00', 1),
(424, 323, 4, 'system', 1, 'System', 1, '1.00', 1),
(435, 324, 7, 'breadcrumb', 1, 'Breadcrumb', 0, '1.00', 1),
(437, 337, 1, 'user', 1, 'User', 1, '1.00', 1),
(438, 336, 11, 'upload', 0, 'Upload', 0, '1.00', 1),
(439, 323, 12, 'repository', 0, 'Repository', 0, '1.00', 1);

-- Dumping data for table--

INSERT INTO `ip_cms_module_group` (`id`, `name`, `row_number`, `admin`, `translation`) VALUES
(323, 'administrator', 9, 0, 'Administrator'),
(324, 'standard', 6, 0, 'Standard'),
(336, 'developer', 13, 1, 'Developer'),
(337, 'community', 7, 0, 'Community');


-- Dumping data for table--

INSERT INTO `ip_cms_user` (`id`, `name`, `pass`, `wrong_logins`, `blocked`, `e_mail`, `row_number`) VALUES
(8, 'admin', '21232f297a57a5a743894a0e4a801fc3', 0, 0, '', 0);

-- Dumping data for table--

INSERT INTO `ip_cms_user_to_mod` (`id`, `user_id`, `module_id`) VALUES
(530, 8, 436),
(525, 8, 361),
(523, 8, 330),
(522, 8, 352),
(521, 8, 349),
(520, 8, 328),
(519, 8, 424),
(518, 8, 348),
(517, 8, 353),
(516, 8, 326),
(529, 8, 435),
(514, 8, 355),
(513, 8, 354),
(512, 8, 329),
(511, 8, 332),
(510, 8, 333),
(509, 8, 347),
(508, 8, 327),
(531, 8, 437),
(532, 8, 439);

-- Dumping data for table--

INSERT INTO `ip_cms_variables` (`id`, `name`, `value`, `modified_on`) VALUES
(40, 'version', '2.0rc1', '2010-01-13 21:38:44'),
(41, 'cached_base_url', '[[[[base_url]]]]', '2009-08-01 23:03:17');

-- Dumping data for table--

INSERT INTO `ip_cms_zone` (`id`, `row_number`, `name`, `template`, `translation`, `associated_group`, `associated_module`) VALUES
(105, 4, 'top', 'main.php', 'Top', 'standard', 'content_management'),
(106, 5, 'left', 'main.php', 'Left', 'standard', 'content_management'),
(100, 7, 'rss', 'blank.php', 'RSS', 'administrator', 'rss'),
(93, 6, 'search', 'main.php', 'Search', 'administrator', 'search'),
(108, 8, 'sitemap', 'main.php', 'Sitemap', 'administrator', 'sitemap'),
(109, 9, 'newsletter', 'main.php', 'Newsletter', 'community', 'newsletter');

-- Dumping data for table--

INSERT INTO `ip_cms_zone_parameter` (`id`, `description`, `keywords`, `title`, `url`, `zone_id`, `language_id`, `translation`) VALUES
(627, '', '', 'Newsletter', 'newsletter', 109, 344, NULL),
(626, '', '', 'Sitemap', 'sitemap', 108, 384, NULL),
(625, '', '', 'Sitemap', 'sitemap', 108, 344, NULL),
(624, '', '', 'RSS', 'rss', 100, 384, NULL),
(623, '', '', 'RSS', 'rss', 100, 344, NULL),
(622, '', '', 'Search', 'search', 93, 384, NULL),
(621, '', '', 'Search', 'search', 93, 344, NULL),
(620, '', '', 'Left', 'left', 106, 384, NULL),
(619, '', '', 'Left', 'left', 106, 344, NULL),
(618, '', '', 'Top', 'top', 105, 384, NULL),
(617, '', '', 'Top', 'top', 105, 344, NULL),
(628, '', '', 'Newsletter', 'newsletter', 109, 384, NULL);

-- Dumping data for table--


INSERT INTO `ip_cms_zone_to_content` (`id`, `language_id`, `zone_id`, `element_id`) VALUES
(163, 344, 105, 1),
(164, 384, 105, 2),
(165, 344, 106, 3),
(166, 384, 106, 4),
(169, 344, 108, 57),
(170, 384, 108, 58),
(171, 344, 109, 60),
(172, 384, 109, 61);


