{"version":"4","menuLists":[{"name":"menu1","title":"Menu1","url":"menu1","description":""},{"name":"menu2","title":"Menu2","url":"menu2","description":""},{"name":"menu3","title":"Menu3","url":"menu3","description":""},{"name":"search","title":"Search","url":"search","description":""},{"name":"rss","title":"RSS","url":"rss","description":""},{"name":"sitemap","title":"Sitemap","url":"sitemap","description":""},{"name":"newsletter","title":"Newsletter","url":"newsletter","description":""}],"languages":[{"code":"en","d_short":"EN","d_long":"English","url":"en","visible":"1"}]}